--
-- PostgreSQL database dump
--

-- Dumped from database version 14.13 (Homebrew)
-- Dumped by pg_dump version 14.13 (Homebrew)

SET statement_timeout = 0;
SET lock_timeout = 0;
SET idle_in_transaction_session_timeout = 0;
SET client_encoding = 'UTF8';
SET standard_conforming_strings = on;
SELECT pg_catalog.set_config('search_path', '', false);
SET check_function_bodies = false;
SET xmloption = content;
SET client_min_messages = warning;
SET row_security = off;

SET default_tablespace = '';

SET default_table_access_method = heap;

--
-- Name: auth_group; Type: TABLE; Schema: public; Owner: postgres
--

CREATE TABLE public.auth_group (
    id integer NOT NULL,
    name character varying(150) NOT NULL
);


ALTER TABLE public.auth_group OWNER TO postgres;

--
-- Name: auth_group_id_seq; Type: SEQUENCE; Schema: public; Owner: postgres
--

ALTER TABLE public.auth_group ALTER COLUMN id ADD GENERATED BY DEFAULT AS IDENTITY (
    SEQUENCE NAME public.auth_group_id_seq
    START WITH 1
    INCREMENT BY 1
    NO MINVALUE
    NO MAXVALUE
    CACHE 1
);


--
-- Name: auth_group_permissions; Type: TABLE; Schema: public; Owner: postgres
--

CREATE TABLE public.auth_group_permissions (
    id bigint NOT NULL,
    group_id integer NOT NULL,
    permission_id integer NOT NULL
);


ALTER TABLE public.auth_group_permissions OWNER TO postgres;

--
-- Name: auth_group_permissions_id_seq; Type: SEQUENCE; Schema: public; Owner: postgres
--

ALTER TABLE public.auth_group_permissions ALTER COLUMN id ADD GENERATED BY DEFAULT AS IDENTITY (
    SEQUENCE NAME public.auth_group_permissions_id_seq
    START WITH 1
    INCREMENT BY 1
    NO MINVALUE
    NO MAXVALUE
    CACHE 1
);


--
-- Name: auth_permission; Type: TABLE; Schema: public; Owner: postgres
--

CREATE TABLE public.auth_permission (
    id integer NOT NULL,
    name character varying(255) NOT NULL,
    content_type_id integer NOT NULL,
    codename character varying(100) NOT NULL
);


ALTER TABLE public.auth_permission OWNER TO postgres;

--
-- Name: auth_permission_id_seq; Type: SEQUENCE; Schema: public; Owner: postgres
--

ALTER TABLE public.auth_permission ALTER COLUMN id ADD GENERATED BY DEFAULT AS IDENTITY (
    SEQUENCE NAME public.auth_permission_id_seq
    START WITH 1
    INCREMENT BY 1
    NO MINVALUE
    NO MAXVALUE
    CACHE 1
);


--
-- Name: authtoken_token; Type: TABLE; Schema: public; Owner: postgres
--

CREATE TABLE public.authtoken_token (
    key character varying(40) NOT NULL,
    created timestamp with time zone NOT NULL,
    user_id bigint NOT NULL
);


ALTER TABLE public.authtoken_token OWNER TO postgres;

--
-- Name: django_admin_log; Type: TABLE; Schema: public; Owner: postgres
--

CREATE TABLE public.django_admin_log (
    id integer NOT NULL,
    action_time timestamp with time zone NOT NULL,
    object_id text,
    object_repr character varying(200) NOT NULL,
    action_flag smallint NOT NULL,
    change_message text NOT NULL,
    content_type_id integer,
    user_id bigint NOT NULL,
    CONSTRAINT django_admin_log_action_flag_check CHECK ((action_flag >= 0))
);


ALTER TABLE public.django_admin_log OWNER TO postgres;

--
-- Name: django_admin_log_id_seq; Type: SEQUENCE; Schema: public; Owner: postgres
--

ALTER TABLE public.django_admin_log ALTER COLUMN id ADD GENERATED BY DEFAULT AS IDENTITY (
    SEQUENCE NAME public.django_admin_log_id_seq
    START WITH 1
    INCREMENT BY 1
    NO MINVALUE
    NO MAXVALUE
    CACHE 1
);


--
-- Name: django_content_type; Type: TABLE; Schema: public; Owner: postgres
--

CREATE TABLE public.django_content_type (
    id integer NOT NULL,
    app_label character varying(100) NOT NULL,
    model character varying(100) NOT NULL
);


ALTER TABLE public.django_content_type OWNER TO postgres;

--
-- Name: django_content_type_id_seq; Type: SEQUENCE; Schema: public; Owner: postgres
--

ALTER TABLE public.django_content_type ALTER COLUMN id ADD GENERATED BY DEFAULT AS IDENTITY (
    SEQUENCE NAME public.django_content_type_id_seq
    START WITH 1
    INCREMENT BY 1
    NO MINVALUE
    NO MAXVALUE
    CACHE 1
);


--
-- Name: django_migrations; Type: TABLE; Schema: public; Owner: postgres
--

CREATE TABLE public.django_migrations (
    id bigint NOT NULL,
    app character varying(255) NOT NULL,
    name character varying(255) NOT NULL,
    applied timestamp with time zone NOT NULL
);


ALTER TABLE public.django_migrations OWNER TO postgres;

--
-- Name: django_migrations_id_seq; Type: SEQUENCE; Schema: public; Owner: postgres
--

ALTER TABLE public.django_migrations ALTER COLUMN id ADD GENERATED BY DEFAULT AS IDENTITY (
    SEQUENCE NAME public.django_migrations_id_seq
    START WITH 1
    INCREMENT BY 1
    NO MINVALUE
    NO MAXVALUE
    CACHE 1
);


--
-- Name: django_session; Type: TABLE; Schema: public; Owner: postgres
--

CREATE TABLE public.django_session (
    session_key character varying(40) NOT NULL,
    session_data text NOT NULL,
    expire_date timestamp with time zone NOT NULL
);


ALTER TABLE public.django_session OWNER TO postgres;

--
-- Name: exercise_app_exercise; Type: TABLE; Schema: public; Owner: postgres
--

CREATE TABLE public.exercise_app_exercise (
    id bigint NOT NULL,
    exercise_name character varying(75) NOT NULL,
    force character varying(10) NOT NULL,
    sets character varying(5) NOT NULL,
    reps character varying(20) NOT NULL,
    difficulty character varying(30) NOT NULL,
    equipment character varying(50) NOT NULL,
    instructions text NOT NULL,
    primary_muscle character varying NOT NULL,
    secondary_muscle text,
    start_img character varying,
    end_img character varying,
    gif_img character varying,
    created_by_id bigint NOT NULL
);


ALTER TABLE public.exercise_app_exercise OWNER TO postgres;

--
-- Name: exercise_app_exercise_id_seq; Type: SEQUENCE; Schema: public; Owner: postgres
--

ALTER TABLE public.exercise_app_exercise ALTER COLUMN id ADD GENERATED BY DEFAULT AS IDENTITY (
    SEQUENCE NAME public.exercise_app_exercise_id_seq
    START WITH 1
    INCREMENT BY 1
    NO MINVALUE
    NO MAXVALUE
    CACHE 1
);


--
-- Name: exercise_app_user_exercise; Type: TABLE; Schema: public; Owner: postgres
--

CREATE TABLE public.exercise_app_user_exercise (
    id bigint NOT NULL,
    exercise_id_id bigint NOT NULL,
    user_id_id bigint NOT NULL
);


ALTER TABLE public.exercise_app_user_exercise OWNER TO postgres;

--
-- Name: exercise_app_user_exercise_id_seq; Type: SEQUENCE; Schema: public; Owner: postgres
--

ALTER TABLE public.exercise_app_user_exercise ALTER COLUMN id ADD GENERATED BY DEFAULT AS IDENTITY (
    SEQUENCE NAME public.exercise_app_user_exercise_id_seq
    START WITH 1
    INCREMENT BY 1
    NO MINVALUE
    NO MAXVALUE
    CACHE 1
);


--
-- Name: nutrition_app_food; Type: TABLE; Schema: public; Owner: postgres
--

CREATE TABLE public.nutrition_app_food (
    id bigint NOT NULL,
    created_at timestamp with time zone NOT NULL,
    meal character varying(255) NOT NULL,
    user_id_id bigint NOT NULL
);


ALTER TABLE public.nutrition_app_food OWNER TO postgres;

--
-- Name: nutrition_app_food_id_seq; Type: SEQUENCE; Schema: public; Owner: postgres
--

ALTER TABLE public.nutrition_app_food ALTER COLUMN id ADD GENERATED BY DEFAULT AS IDENTITY (
    SEQUENCE NAME public.nutrition_app_food_id_seq
    START WITH 1
    INCREMENT BY 1
    NO MINVALUE
    NO MAXVALUE
    CACHE 1
);


--
-- Name: nutrition_app_ingredient; Type: TABLE; Schema: public; Owner: postgres
--

CREATE TABLE public.nutrition_app_ingredient (
    id bigint NOT NULL,
    name character varying(255) NOT NULL,
    amount_consumed bigint NOT NULL,
    food_id_id bigint NOT NULL,
    measurement_id_id bigint NOT NULL,
    CONSTRAINT nutrition_app_ingredient_amount_consumed_check CHECK ((amount_consumed >= 0))
);


ALTER TABLE public.nutrition_app_ingredient OWNER TO postgres;

--
-- Name: nutrition_app_ingredient_id_seq; Type: SEQUENCE; Schema: public; Owner: postgres
--

ALTER TABLE public.nutrition_app_ingredient ALTER COLUMN id ADD GENERATED BY DEFAULT AS IDENTITY (
    SEQUENCE NAME public.nutrition_app_ingredient_id_seq
    START WITH 1
    INCREMENT BY 1
    NO MINVALUE
    NO MAXVALUE
    CACHE 1
);


--
-- Name: nutrition_app_ingredient_nutrients_id; Type: TABLE; Schema: public; Owner: postgres
--

CREATE TABLE public.nutrition_app_ingredient_nutrients_id (
    id bigint NOT NULL,
    ingredient_id bigint NOT NULL,
    nutrient_id bigint NOT NULL
);


ALTER TABLE public.nutrition_app_ingredient_nutrients_id OWNER TO postgres;

--
-- Name: nutrition_app_ingredient_nutrients_id_id_seq; Type: SEQUENCE; Schema: public; Owner: postgres
--

ALTER TABLE public.nutrition_app_ingredient_nutrients_id ALTER COLUMN id ADD GENERATED BY DEFAULT AS IDENTITY (
    SEQUENCE NAME public.nutrition_app_ingredient_nutrients_id_id_seq
    START WITH 1
    INCREMENT BY 1
    NO MINVALUE
    NO MAXVALUE
    CACHE 1
);


--
-- Name: nutrition_app_measurement; Type: TABLE; Schema: public; Owner: postgres
--

CREATE TABLE public.nutrition_app_measurement (
    id bigint NOT NULL,
    amount bigint NOT NULL,
    unit_name character varying NOT NULL,
    CONSTRAINT nutrition_app_measurement_amount_check CHECK ((amount >= 0))
);


ALTER TABLE public.nutrition_app_measurement OWNER TO postgres;

--
-- Name: nutrition_app_measurement_id_seq; Type: SEQUENCE; Schema: public; Owner: postgres
--

ALTER TABLE public.nutrition_app_measurement ALTER COLUMN id ADD GENERATED BY DEFAULT AS IDENTITY (
    SEQUENCE NAME public.nutrition_app_measurement_id_seq
    START WITH 1
    INCREMENT BY 1
    NO MINVALUE
    NO MAXVALUE
    CACHE 1
);


--
-- Name: nutrition_app_nutrient; Type: TABLE; Schema: public; Owner: postgres
--

CREATE TABLE public.nutrition_app_nutrient (
    id bigint NOT NULL,
    name character varying(255) NOT NULL,
    measurement_id_id bigint NOT NULL
);


ALTER TABLE public.nutrition_app_nutrient OWNER TO postgres;

--
-- Name: nutrition_app_nutrient_id_seq; Type: SEQUENCE; Schema: public; Owner: postgres
--

ALTER TABLE public.nutrition_app_nutrient ALTER COLUMN id ADD GENERATED BY DEFAULT AS IDENTITY (
    SEQUENCE NAME public.nutrition_app_nutrient_id_seq
    START WITH 1
    INCREMENT BY 1
    NO MINVALUE
    NO MAXVALUE
    CACHE 1
);


--
-- Name: survey_app_survey_response; Type: TABLE; Schema: public; Owner: postgres
--

CREATE TABLE public.survey_app_survey_response (
    id bigint NOT NULL,
    height bigint NOT NULL,
    weight bigint NOT NULL,
    age bigint NOT NULL,
    gender character varying NOT NULL,
    activity_level numeric(3,2) NOT NULL,
    dietary_restrictions boolean NOT NULL,
    created timestamp with time zone,
    user_id_id bigint NOT NULL,
    equipment character varying NOT NULL
);


ALTER TABLE public.survey_app_survey_response OWNER TO postgres;

--
-- Name: survey_app_survey_response_id_seq; Type: SEQUENCE; Schema: public; Owner: postgres
--

ALTER TABLE public.survey_app_survey_response ALTER COLUMN id ADD GENERATED BY DEFAULT AS IDENTITY (
    SEQUENCE NAME public.survey_app_survey_response_id_seq
    START WITH 1
    INCREMENT BY 1
    NO MINVALUE
    NO MAXVALUE
    CACHE 1
);


--
-- Name: user_app_app_user; Type: TABLE; Schema: public; Owner: postgres
--

CREATE TABLE public.user_app_app_user (
    id bigint NOT NULL,
    password character varying(128) NOT NULL,
    last_login timestamp with time zone,
    is_superuser boolean NOT NULL,
    username character varying(150) NOT NULL,
    first_name character varying(150),
    last_name character varying(150),
    is_staff boolean NOT NULL,
    is_active boolean NOT NULL,
    date_joined timestamp with time zone NOT NULL,
    email character varying(254) NOT NULL
);


ALTER TABLE public.user_app_app_user OWNER TO postgres;

--
-- Name: user_app_app_user_groups; Type: TABLE; Schema: public; Owner: postgres
--

CREATE TABLE public.user_app_app_user_groups (
    id bigint NOT NULL,
    app_user_id bigint NOT NULL,
    group_id integer NOT NULL
);


ALTER TABLE public.user_app_app_user_groups OWNER TO postgres;

--
-- Name: user_app_app_user_groups_id_seq; Type: SEQUENCE; Schema: public; Owner: postgres
--

ALTER TABLE public.user_app_app_user_groups ALTER COLUMN id ADD GENERATED BY DEFAULT AS IDENTITY (
    SEQUENCE NAME public.user_app_app_user_groups_id_seq
    START WITH 1
    INCREMENT BY 1
    NO MINVALUE
    NO MAXVALUE
    CACHE 1
);


--
-- Name: user_app_app_user_id_seq; Type: SEQUENCE; Schema: public; Owner: postgres
--

ALTER TABLE public.user_app_app_user ALTER COLUMN id ADD GENERATED BY DEFAULT AS IDENTITY (
    SEQUENCE NAME public.user_app_app_user_id_seq
    START WITH 1
    INCREMENT BY 1
    NO MINVALUE
    NO MAXVALUE
    CACHE 1
);


--
-- Name: user_app_app_user_user_permissions; Type: TABLE; Schema: public; Owner: postgres
--

CREATE TABLE public.user_app_app_user_user_permissions (
    id bigint NOT NULL,
    app_user_id bigint NOT NULL,
    permission_id integer NOT NULL
);


ALTER TABLE public.user_app_app_user_user_permissions OWNER TO postgres;

--
-- Name: user_app_app_user_user_permissions_id_seq; Type: SEQUENCE; Schema: public; Owner: postgres
--

ALTER TABLE public.user_app_app_user_user_permissions ALTER COLUMN id ADD GENERATED BY DEFAULT AS IDENTITY (
    SEQUENCE NAME public.user_app_app_user_user_permissions_id_seq
    START WITH 1
    INCREMENT BY 1
    NO MINVALUE
    NO MAXVALUE
    CACHE 1
);


--
-- Name: workout_app_user_workout; Type: TABLE; Schema: public; Owner: postgres
--

CREATE TABLE public.workout_app_user_workout (
    id bigint NOT NULL,
    user_id_id bigint NOT NULL,
    workout_id_id bigint NOT NULL
);


ALTER TABLE public.workout_app_user_workout OWNER TO postgres;

--
-- Name: workout_app_user_workout_id_seq; Type: SEQUENCE; Schema: public; Owner: postgres
--

ALTER TABLE public.workout_app_user_workout ALTER COLUMN id ADD GENERATED BY DEFAULT AS IDENTITY (
    SEQUENCE NAME public.workout_app_user_workout_id_seq
    START WITH 1
    INCREMENT BY 1
    NO MINVALUE
    NO MAXVALUE
    CACHE 1
);


--
-- Name: workout_app_workout; Type: TABLE; Schema: public; Owner: postgres
--

CREATE TABLE public.workout_app_workout (
    id bigint NOT NULL,
    workout_name character varying NOT NULL,
    workout_details text NOT NULL,
    created_by_id bigint
);


ALTER TABLE public.workout_app_workout OWNER TO postgres;

--
-- Name: workout_app_workout_exercises; Type: TABLE; Schema: public; Owner: postgres
--

CREATE TABLE public.workout_app_workout_exercises (
    id bigint NOT NULL,
    workout_id bigint NOT NULL,
    exercise_id bigint NOT NULL
);


ALTER TABLE public.workout_app_workout_exercises OWNER TO postgres;

--
-- Name: workout_app_workout_exercises_id_seq; Type: SEQUENCE; Schema: public; Owner: postgres
--

ALTER TABLE public.workout_app_workout_exercises ALTER COLUMN id ADD GENERATED BY DEFAULT AS IDENTITY (
    SEQUENCE NAME public.workout_app_workout_exercises_id_seq
    START WITH 1
    INCREMENT BY 1
    NO MINVALUE
    NO MAXVALUE
    CACHE 1
);


--
-- Name: workout_app_workout_id_seq; Type: SEQUENCE; Schema: public; Owner: postgres
--

ALTER TABLE public.workout_app_workout ALTER COLUMN id ADD GENERATED BY DEFAULT AS IDENTITY (
    SEQUENCE NAME public.workout_app_workout_id_seq
    START WITH 1
    INCREMENT BY 1
    NO MINVALUE
    NO MAXVALUE
    CACHE 1
);


--
-- Name: workout_program_app_user_workout_program; Type: TABLE; Schema: public; Owner: postgres
--

CREATE TABLE public.workout_program_app_user_workout_program (
    id bigint NOT NULL,
    program_id_id bigint NOT NULL,
    user_id_id bigint NOT NULL
);


ALTER TABLE public.workout_program_app_user_workout_program OWNER TO postgres;

--
-- Name: workout_program_app_user_workout_program_id_seq; Type: SEQUENCE; Schema: public; Owner: postgres
--

ALTER TABLE public.workout_program_app_user_workout_program ALTER COLUMN id ADD GENERATED BY DEFAULT AS IDENTITY (
    SEQUENCE NAME public.workout_program_app_user_workout_program_id_seq
    START WITH 1
    INCREMENT BY 1
    NO MINVALUE
    NO MAXVALUE
    CACHE 1
);


--
-- Name: workout_program_app_workout_program; Type: TABLE; Schema: public; Owner: postgres
--

CREATE TABLE public.workout_program_app_workout_program (
    id bigint NOT NULL,
    program_name character varying(50) NOT NULL,
    program_details text NOT NULL,
    program_difficulty character varying(20) NOT NULL,
    program_duration character varying(20) NOT NULL,
    frequency_per_week character varying(12) NOT NULL,
    created_by_id bigint
);


ALTER TABLE public.workout_program_app_workout_program OWNER TO postgres;

--
-- Name: workout_program_app_workout_program_id_seq; Type: SEQUENCE; Schema: public; Owner: postgres
--

ALTER TABLE public.workout_program_app_workout_program ALTER COLUMN id ADD GENERATED BY DEFAULT AS IDENTITY (
    SEQUENCE NAME public.workout_program_app_workout_program_id_seq
    START WITH 1
    INCREMENT BY 1
    NO MINVALUE
    NO MAXVALUE
    CACHE 1
);


--
-- Name: workout_program_app_workout_program_workouts; Type: TABLE; Schema: public; Owner: postgres
--

CREATE TABLE public.workout_program_app_workout_program_workouts (
    id bigint NOT NULL,
    workout_program_id bigint NOT NULL,
    workout_id bigint NOT NULL
);


ALTER TABLE public.workout_program_app_workout_program_workouts OWNER TO postgres;

--
-- Name: workout_program_app_workout_program_workouts_id_seq; Type: SEQUENCE; Schema: public; Owner: postgres
--

ALTER TABLE public.workout_program_app_workout_program_workouts ALTER COLUMN id ADD GENERATED BY DEFAULT AS IDENTITY (
    SEQUENCE NAME public.workout_program_app_workout_program_workouts_id_seq
    START WITH 1
    INCREMENT BY 1
    NO MINVALUE
    NO MAXVALUE
    CACHE 1
);


--
-- Data for Name: auth_group; Type: TABLE DATA; Schema: public; Owner: postgres
--

COPY public.auth_group (id, name) FROM stdin;
\.


--
-- Data for Name: auth_group_permissions; Type: TABLE DATA; Schema: public; Owner: postgres
--

COPY public.auth_group_permissions (id, group_id, permission_id) FROM stdin;
\.


--
-- Data for Name: auth_permission; Type: TABLE DATA; Schema: public; Owner: postgres
--

COPY public.auth_permission (id, name, content_type_id, codename) FROM stdin;
1	Can add log entry	1	add_logentry
2	Can change log entry	1	change_logentry
3	Can delete log entry	1	delete_logentry
4	Can view log entry	1	view_logentry
5	Can add permission	2	add_permission
6	Can change permission	2	change_permission
7	Can delete permission	2	delete_permission
8	Can view permission	2	view_permission
9	Can add group	3	add_group
10	Can change group	3	change_group
11	Can delete group	3	delete_group
12	Can view group	3	view_group
13	Can add content type	4	add_contenttype
14	Can change content type	4	change_contenttype
15	Can delete content type	4	delete_contenttype
16	Can view content type	4	view_contenttype
17	Can add session	5	add_session
18	Can change session	5	change_session
19	Can delete session	5	delete_session
20	Can view session	5	view_session
21	Can add Token	6	add_token
22	Can change Token	6	change_token
23	Can delete Token	6	delete_token
24	Can view Token	6	view_token
25	Can add token	7	add_tokenproxy
26	Can change token	7	change_tokenproxy
27	Can delete token	7	delete_tokenproxy
28	Can view token	7	view_tokenproxy
29	Can add food	8	add_food
30	Can change food	8	change_food
31	Can delete food	8	delete_food
32	Can view food	8	view_food
33	Can add measurement	9	add_measurement
34	Can change measurement	9	change_measurement
35	Can delete measurement	9	delete_measurement
36	Can view measurement	9	view_measurement
37	Can add nutrient	10	add_nutrient
38	Can change nutrient	10	change_nutrient
39	Can delete nutrient	10	delete_nutrient
40	Can view nutrient	10	view_nutrient
41	Can add ingredient	11	add_ingredient
42	Can change ingredient	11	change_ingredient
43	Can delete ingredient	11	delete_ingredient
44	Can view ingredient	11	view_ingredient
45	Can add workout	12	add_workout
46	Can change workout	12	change_workout
47	Can delete workout	12	delete_workout
48	Can view workout	12	view_workout
49	Can add user_ workout	13	add_user_workout
50	Can change user_ workout	13	change_user_workout
51	Can delete user_ workout	13	delete_user_workout
52	Can view user_ workout	13	view_user_workout
53	Can add exercise	14	add_exercise
54	Can change exercise	14	change_exercise
55	Can delete exercise	14	delete_exercise
56	Can view exercise	14	view_exercise
57	Can add user_ exercise	15	add_user_exercise
58	Can change user_ exercise	15	change_user_exercise
59	Can delete user_ exercise	15	delete_user_exercise
60	Can view user_ exercise	15	view_user_exercise
61	Can add workout_ program	16	add_workout_program
62	Can change workout_ program	16	change_workout_program
63	Can delete workout_ program	16	delete_workout_program
64	Can view workout_ program	16	view_workout_program
65	Can add user_ workout_ program	17	add_user_workout_program
66	Can change user_ workout_ program	17	change_user_workout_program
67	Can delete user_ workout_ program	17	delete_user_workout_program
68	Can view user_ workout_ program	17	view_user_workout_program
69	Can add user	18	add_app_user
70	Can change user	18	change_app_user
71	Can delete user	18	delete_app_user
72	Can view user	18	view_app_user
73	Can add survey_response	19	add_survey_response
74	Can change survey_response	19	change_survey_response
75	Can delete survey_response	19	delete_survey_response
76	Can view survey_response	19	view_survey_response
\.


--
-- Data for Name: authtoken_token; Type: TABLE DATA; Schema: public; Owner: postgres
--

COPY public.authtoken_token (key, created, user_id) FROM stdin;
3a3d69074bd6eca546b44b1806c94d77e905f7ad	2024-10-05 14:27:35.132304-04	1
\.


--
-- Data for Name: django_admin_log; Type: TABLE DATA; Schema: public; Owner: postgres
--

COPY public.django_admin_log (id, action_time, object_id, object_repr, action_flag, change_message, content_type_id, user_id) FROM stdin;
\.


--
-- Data for Name: django_content_type; Type: TABLE DATA; Schema: public; Owner: postgres
--

COPY public.django_content_type (id, app_label, model) FROM stdin;
1	admin	logentry
2	auth	permission
3	auth	group
4	contenttypes	contenttype
5	sessions	session
6	authtoken	token
7	authtoken	tokenproxy
8	nutrition_app	food
9	nutrition_app	measurement
10	nutrition_app	nutrient
11	nutrition_app	ingredient
12	workout_app	workout
13	workout_app	user_workout
14	exercise_app	exercise
15	exercise_app	user_exercise
16	workout_program_app	workout_program
17	workout_program_app	user_workout_program
18	user_app	app_user
19	survey_app	survey_response
\.


--
-- Data for Name: django_migrations; Type: TABLE DATA; Schema: public; Owner: postgres
--

COPY public.django_migrations (id, app, name, applied) FROM stdin;
1	contenttypes	0001_initial	2024-10-05 14:27:27.591499-04
2	contenttypes	0002_remove_content_type_name	2024-10-05 14:27:27.596168-04
3	auth	0001_initial	2024-10-05 14:27:27.626219-04
4	auth	0002_alter_permission_name_max_length	2024-10-05 14:27:27.62887-04
5	auth	0003_alter_user_email_max_length	2024-10-05 14:27:27.631351-04
6	auth	0004_alter_user_username_opts	2024-10-05 14:27:27.634497-04
7	auth	0005_alter_user_last_login_null	2024-10-05 14:27:27.638353-04
8	auth	0006_require_contenttypes_0002	2024-10-05 14:27:27.640168-04
9	auth	0007_alter_validators_add_error_messages	2024-10-05 14:27:27.644386-04
10	auth	0008_alter_user_username_max_length	2024-10-05 14:27:27.650562-04
11	auth	0009_alter_user_last_name_max_length	2024-10-05 14:27:27.654164-04
12	auth	0010_alter_group_name_max_length	2024-10-05 14:27:27.659754-04
13	auth	0011_update_proxy_permissions	2024-10-05 14:27:27.664123-04
14	auth	0012_alter_user_first_name_max_length	2024-10-05 14:27:27.671074-04
15	user_app	0001_initial	2024-10-05 14:27:27.698106-04
16	admin	0001_initial	2024-10-05 14:27:27.706647-04
17	admin	0002_logentry_remove_auto_add	2024-10-05 14:27:27.710157-04
18	admin	0003_logentry_add_action_flag_choices	2024-10-05 14:27:27.713544-04
19	authtoken	0001_initial	2024-10-05 14:27:27.733558-04
20	authtoken	0002_auto_20160226_1747	2024-10-05 14:27:27.746025-04
21	authtoken	0003_tokenproxy	2024-10-05 14:27:27.75007-04
22	exercise_app	0001_initial	2024-10-05 14:27:27.781656-04
23	nutrition_app	0001_initial	2024-10-05 14:27:27.820658-04
24	nutrition_app	0002_initial	2024-10-05 14:27:27.828428-04
25	sessions	0001_initial	2024-10-05 14:27:27.839232-04
26	survey_app	0001_initial	2024-10-05 14:27:27.856445-04
27	survey_app	0002_survey_response_equipment_and_more	2024-10-05 14:27:27.884211-04
28	workout_app	0001_initial	2024-10-05 14:27:27.90918-04
29	workout_program_app	0001_initial	2024-10-05 14:27:27.954419-04
\.


--
-- Data for Name: django_session; Type: TABLE DATA; Schema: public; Owner: postgres
--

COPY public.django_session (session_key, session_data, expire_date) FROM stdin;
\.


--
-- Data for Name: exercise_app_exercise; Type: TABLE DATA; Schema: public; Owner: postgres
--

COPY public.exercise_app_exercise (id, exercise_name, force, sets, reps, difficulty, equipment, instructions, primary_muscle, secondary_muscle, start_img, end_img, gif_img, created_by_id) FROM stdin;
116	Dumbbell Bench Press	push	3	8,10,12	beginner	dumbbell, bench	Lie down on a flat bench with a dumbbell in each hand resting on top of your thighs. The palms of your hands will be facing each other. Then, using your thighs to help raise the dumbbells up, lift the dumbbells one at a time so that you can hold them in front of you at shoulder width. Once at shoulder width, rotate your wrists forward so that the palms of your hands are facing away from you. The dumbbells should be just to the sides of your chest, with your upper arm and forearm creating a 90 degree angle. Be sure to maintain full control of the dumbbells at all times. This will be your starting position. Then, as you breathe out, use your chest to push the dumbbells up. Lock your arms at the top of the lift and squeeze your chest, hold for a second and then begin coming down slowly. Tip: Ideally, lowering the weight should take about twice as long as raising it. Repeat the movement for the prescribed amount of repetitions of your training program.	chest	shoulders, triceps	https://github.com/wrkout/exercises.json/blob/master/exercises/Dumbbell_Bench_Press/images/0.jpg	https://github.com/wrkout/exercises.json/blob/master/exercises/Dumbbell_Bench_Press/images/1.jpg	\N	1
117	Lat Pulldown	pull	3	8,10,12	beginner	adjustable cable machine, lat pulldown bar	Sit down on a pull-down machine with a wide bar attached to the top pulley. Make sure that you adjust the knee pad of the machine to fit your height. These pads will prevent your body from being raised by the resistance attached to the bar. Grab the bar with the palms facing forward using the prescribed grip. Note on grips: For a wide grip, your hands need to be spaced out at a distance wider than shoulder width. For a medium grip, your hands need to be spaced out at a distance equal to your shoulder width and for a close grip at a distance smaller than your shoulder width. As you have both arms extended in front of you holding the bar at the chosen grip width, bring your torso back around 30 degrees or so while creating a curvature on your lower back and sticking your chest out. This is your starting position. As you breathe out, bring the bar down until it touches your upper chest by drawing the shoulders and the upper arms down and back. Tip: Concentrate on squeezing the back muscles once you reach the full contracted position. The upper torso should remain stationary and only the arms should move. The forearms should do no other work except for holding the bar; therefore do not try to pull down the bar using the forearms. After a second at the contracted position squeezing your shoulder blades together, slowly raise the bar back to the starting position when your arms are fully extended and the lats are fully stretched. Inhale during this portion of the movement. Repeat this motion for the prescribed amount of repetitions.	lats	biceps, middle back, shoulders	https://github.com/wrkout/exercises.json/blob/master/exercises/Wide-Grip_Lat_Pulldown/images/0.jpg	https://github.com/wrkout/exercises.json/blob/master/exercises/Wide-Grip_Lat_Pulldown/images/1.jpg	\N	1
118	Overhead Dumbbell Press	push	3	8,10,12	beginner	dumbbells	Stand with your feet shoulder-width apart and your knees slightly bent. Hold a pair of dumbbells just outside of your shoulders with your arms bent and palms facing each other. Press both dumbbells up until the weights are overhead and your arms are straight. Pause, then lower the dumbbells under control back to the starting position.	shoulders	abs, delts	https://www.muscleandfitness.com/wp-content/uploads/2017/04/overhead-press-compressed-800.jpg?w=300&quality=86&strip=all	https://www.muscleandfitness.com/wp-content/uploads/2017/04/overhead-press-extended-800.jpg?w=300&quality=86&strip=all	\N	1
119	Leg Press	push	3	8,10,12	beginner	machine	Using a leg press machine, sit down on the machine and place your legs on the platform directly in front of you at a medium (shoulder width) foot stance. (Note: For the purposes of this discussion we will use the medium stance described above which targets overall development; however you can choose any of the three stances described in the foot positioning section). Lower the safety bars holding the weighted platform in place and press the platform all the way up until your legs are fully extended in front of you. Tip: Make sure that you do not lock your knees. Your torso and the legs should make a perfect 90-degree angle. This will be your starting position. As you inhale, slowly lower the platform until your upper and lower legs make a 90-degree angle. Pushing mainly with the heels of your feet and using the quadriceps go back to the starting position as you exhale. Repeat for the recommended amount of repetitions and ensure to lock the safety pins properly once you are done. You do not want that platform falling on you fully loaded.	quadriceps	calves, glutes, hamstrings	https://github.com/wrkout/exercises.json/blob/master/exercises/Leg_Press/images/0.jpg	https://github.com/wrkout/exercises.json/blob/master/exercises/Leg_Press/images/1.jpg	\N	1
120	Lying Leg Curls	pull	3	8,10,12	beginner	machine	Adjust the machine lever to fit your height and lie face down on the leg curl machine with the pad of the lever on the back of your legs (just a few inches under the calves). Tip: Preferably use a leg curl machine that is angled as opposed to flat since an angled position is more favorable for hamstrings recruitment. Keeping the torso flat on the bench, ensure your legs are fully stretched and grab the side handles of the machine. Position your toes straight (or you can also use any of the other two stances described on the foot positioning section). This will be your starting position. As you exhale, curl your legs up as far as possible without lifting the upper legs from the pad. Once you hit the fully contracted position, hold it for a second. As you inhale, bring the legs back to the initial position. Repeat for the recommended amount of repetitions.	hamstrings		https://github.com/wrkout/exercises.json/blob/master/exercises/Lying_Leg_Curls/images/0.jpg	https://github.com/wrkout/exercises.json/blob/master/exercises/Lying_Leg_Curls/images/1.jpg	\N	1
121	Rope Pressdown	push	3	8,10,12	beginner	adjustable cable machine, rope attachment	Attach a rope attachment to a high pulley and grab with a neutral grip (palms facing each other). Standing upright with the torso straight and a very small inclination forward, bring the upper arms close to your body and perpendicular to the floor. The forearms should be pointing up towards the pulley as they hold the rope with the palms facing each other. This is your starting position. Using the triceps, bring the rope down as you bring each side of the rope to the side of your thighs. At the end of the movement the arms are fully extended and perpendicular to the floor. The upper arms should always remain stationary next to your torso and only the forearms should move. Exhale as you perform this movement. After holding for a second, at the contracted position, bring the rope slowly up to the starting point. Breathe in as you perform this step. Repeat for the recommended amount of repetitions.	triceps		https://github.com/wrkout/exercises.json/blob/master/exercises/Triceps_Pushdown_-_Rope_Attachment/images/0.jpg	https://github.com/wrkout/exercises.json/blob/master/exercises/Triceps_Pushdown_-_Rope_Attachment/images/1.jpg	\N	1
122	Barbell Biceps Curl	pull	3	8,10,12	beginner	barbell	Stand up with your torso upright while holding a barbell at a shoulder-width grip. The palm of your hands should be facing forward and the elbows should be close to the torso. This will be your starting position. While holding the upper arms stationary, curl the weights forward while contracting the biceps as you breathe out. Tip: Only the forearms should move. Continue the movement until your biceps are fully contracted and the bar is at shoulder level. Hold the contracted position for a second and squeeze the biceps hard. Slowly begin to bring the bar back to starting position as your breathe in. Repeat for the recommended amount of repetitions.	biceps		https://github.com/wrkout/exercises.json/blob/master/exercises/Barbell_Curl/images/0.jpg	https://github.com/wrkout/exercises.json/blob/master/exercises/Barbell_Curl/images/1.jpg	\N	1
123	Standing Calf Raise	push	3	15-20	beginner	machine	Adjust the padded lever of the calf raise machine to fit your height. Place your shoulders under the pads provided and position your toes facing forward (or using any of the two other positions described at the beginning of the chapter). The balls of your feet should be secured on top of the calf block with the heels extending off it. Push the lever up by extending your hips and knees until your torso is standing erect. The knees should be kept with a slight bend; never locked. Toes should be facing forward, outwards or inwards as described at the beginning of the chapter. This will be your starting position. Raise your heels as you breathe out by extending your ankles as high as possible and flexing your calf. Ensure that the knee is kept stationary at all times. There should be no bending at any time. Hold the contracted position by a second before you start to go back down. Go back slowly to the starting position as you breathe in by lowering your heels as you bend the ankles until calves are stretched. Repeat for the recommended amount of repetitions.	calves	forearms	https://github.com/wrkout/exercises.json/blob/master/exercises/Standing_Calf_Raises/images/0.jpg	https://github.com/wrkout/exercises.json/blob/master/exercises/Standing_Calf_Raises/images/1.jpg	\N	1
124	Crunch	pull	3	15	beginner	body only	Lie flat on your back with your feet flat on the ground, or resting on a bench with your knees bent at a 90 degree angle. If you are resting your feet on a bench, place them three to four inches apart and point your toes inward so they touch. Now place your hands lightly on either side of your head keeping your elbows in. Tip: Don't lock your fingers behind your head. While pushing the small of your back down in the floor to better isolate your abdominal muscles, begin to roll your shoulders off the floor. Continue to push down as hard as you can with your lower back as you contract your abdominals and exhale. Your shoulders should come up off the floor only about four inches, and your lower back should remain on the floor. At the top of the movement, contract your abdominals hard and keep the contraction for a second. Tip: Focus on slow, controlled movement - don't cheat yourself by using momentum. After the one second contraction, begin to come down slowly again to the starting position as you inhale. Repeat for the recommended amount of repetitions.	abdominals		https://github.com/wrkout/exercises.json/blob/master/exercises/Crunches/images/0.jpg	https://github.com/wrkout/exercises.json/blob/master/exercises/Crunches/images/1.jpg	\N	1
125	Barbell Bench Press	push	3	10,12,15	beginner	barbell	Lie back on a flat bench. Using a medium width grip (a grip that creates a 90-degree angle in the middle of the movement between the forearms and the upper arms), lift the bar from the rack and hold it straight over you with your arms locked. This will be your starting position. From the starting position, breathe in and begin coming down slowly until the bar touches your middle chest. After a brief pause, push the bar back to the starting position as you breathe out. Focus on pushing the bar using your chest muscles. Lock your arms and squeeze your chest in the contracted position at the top of the motion, hold for a second and then start coming down slowly again. Tip: Ideally, lowering the weight should take about twice as long as raising it. Repeat the movement for the prescribed amount of repetitions. When you are done, place the bar back in the rack.	chest	shoulders, triceps	https://github.com/wrkout/exercises.json/blob/master/exercises/Barbell_Bench_Press_-_Medium_Grip/images/0.jpg	https://github.com/wrkout/exercises.json/blob/master/exercises/Barbell_Bench_Press_-_Medium_Grip/images/1.jpg	\N	1
126	Dumbbell Flyes	push	3	10,12,15	beginner	dumbbell	Lie down on a flat bench with a dumbbell on each hand resting on top of your thighs. The palms of your hand will be facing each other. Then using your thighs to help raise the dumbbells, lift the dumbbells one at a time so you can hold them in front of you at shoulder width with the palms of your hands facing each other. Raise the dumbbells up like you're pressing them, but stop and hold just before you lock out. This will be your starting position. With a slight bend on your elbows in order to prevent stress at the biceps tendon, lower your arms out at both sides in a wide arc until you feel a stretch on your chest. Breathe in as you perform this portion of the movement. Tip: Keep in mind that throughout the movement, the arms should remain stationary; the movement should only occur at the shoulder joint. Return your arms back to the starting position as you squeeze your chest muscles and breathe out. Tip: Make sure to use the same arc of motion used to lower the weights. Hold for a second at the contracted position and repeat the movement for the prescribed amount of repetitions.	chest		https://github.com/wrkout/exercises.json/blob/master/exercises/Dumbbell_Flyes/images/0.jpg	https://github.com/wrkout/exercises.json/blob/master/exercises/Dumbbell_Flyes/images/1.jpg	\N	1
127	Barbell Bent-Over Row	pull	3	10,12,15	beginner	barbell	Holding a barbell with a pronated grip (palms facing down), bend your knees slightly and bring your torso forward, by bending at the waist, while keeping the back straight until it is almost parallel to the floor. Tip: Make sure that you keep the head up. The barbell should hang directly in front of you as your arms hang perpendicular to the floor and your torso. This is your starting position. Now, while keeping the torso stationary, breathe out and lift the barbell to you. Keep the elbows close to the body and only use the forearms to hold the weight. At the top contracted position, squeeze the back muscles and hold for a brief pause. Then inhale and slowly lower the barbell back to the starting position. Repeat for the recommended amount of repetitions.	middle back	biceps, lats, shoulders	https://github.com/wrkout/exercises.json/blob/master/exercises/Bent_Over_Barbell_Row/images/0.jpg	https://github.com/wrkout/exercises.json/blob/master/exercises/Bent_Over_Barbell_Row/images/1.jpg	\N	1
95	1A. Flat Barbell Bench Press	push	3	10-12	beginner	barbell bench	Lie flat on a bench and set your hands just outside of shoulder width. Set your shoulder blades by pinching them together and driving them into the bench. Take a deep breath and allow your spotter to help you with the lift off in order to maintain tightness through your upper back. Lower the bar in a straight line to the base of the sternum (breastbone) and touch the chest. Push the bar back up in a straight line by pressing yourself into the bench, driving your feet into the floor for leg drive, and extending the elbows.					\N	1
128	Lat Pulldown	pull	3	10,12,15	beginner	adjustable cable machine, lat pulldown bar	Sit down on a pull-down machine with a wide bar attached to the top pulley. Make sure that you adjust the knee pad of the machine to fit your height. These pads will prevent your body from being raised by the resistance attached to the bar. Grab the bar with the palms facing forward using the prescribed grip. Note on grips: For a wide grip, your hands need to be spaced out at a distance wider than shoulder width. For a medium grip, your hands need to be spaced out at a distance equal to your shoulder width and for a close grip at a distance smaller than your shoulder width. As you have both arms extended in front of you holding the bar at the chosen grip width, bring your torso back around 30 degrees or so while creating a curvature on your lower back and sticking your chest out. This is your starting position. As you breathe out, bring the bar down until it touches your upper chest by drawing the shoulders and the upper arms down and back. Tip: Concentrate on squeezing the back muscles once you reach the full contracted position. The upper torso should remain stationary and only the arms should move. The forearms should do no other work except for holding the bar; therefore do not try to pull down the bar using the forearms. After a second at the contracted position squeezing your shoulder blades together, slowly raise the bar back to the starting position when your arms are fully extended and the lats are fully stretched. Inhale during this portion of the movement. Repeat this motion for the prescribed amount of repetitions.	lats	biceps, middle back, shoulders	https://github.com/wrkout/exercises.json/blob/master/exercises/Wide-Grip_Lat_Pulldown/images/0.jpg	https://github.com/wrkout/exercises.json/blob/master/exercises/Wide-Grip_Lat_Pulldown/images/1.jpg	\N	1
129	Overhead Dumbbell Press	push	3	10,12,15	beginner	dumbbells	Stand with your feet shoulder-width apart and your knees slightly bent. Hold a pair of dumbbells just outside of your shoulders with your arms bent and palms facing each other. Press both dumbbells up until the weights are overhead and your arms are straight. Pause, then lower the dumbbells under control back to the starting position.	shoulders	abs, delts	https://www.muscleandfitness.com/wp-content/uploads/2017/04/overhead-press-compressed-800.jpg?w=300&quality=86&strip=all	https://www.muscleandfitness.com/wp-content/uploads/2017/04/overhead-press-extended-800.jpg?w=300&quality=86&strip=all	\N	1
130	Dumbbell Lateral Raise	push	3	10,12,15	beginner	dumbbells	Pick a couple of dumbbells and stand with a straight torso and the dumbbells by your side at arms length with the palms of the hand facing you. This will be your starting position. While maintaining the torso in a stationary position (no swinging), lift the dumbbells to your side with a slight bend on the elbow and the hands slightly tilted forward as if pouring water in a glass. Continue to go up until you arms are parallel to the floor. Exhale as you execute this movement and pause for a second at the top. Lower the dumbbells back down slowly to the starting position as you inhale. Repeat for the recommended amount of repetitions.	shoulders		https://github.com/wrkout/exercises.json/blob/master/exercises/Side_Lateral_Raise/images/0.jpg	https://github.com/wrkout/exercises.json/blob/master/exercises/Side_Lateral_Raise/images/1.jpg	\N	1
131	Barbell Biceps Curl	pull	3	10,12,15	beginner	barbell	Stand up with your torso upright while holding a barbell at a shoulder-width grip. The palm of your hands should be facing forward and the elbows should be close to the torso. This will be your starting position. While holding the upper arms stationary, curl the weights forward while contracting the biceps as you breathe out. Tip: Only the forearms should move. Continue the movement until your biceps are fully contracted and the bar is at shoulder level. Hold the contracted position for a second and squeeze the biceps hard. Slowly begin to bring the bar back to starting position as your breathe in. Repeat for the recommended amount of repetitions.	biceps		https://github.com/wrkout/exercises.json/blob/master/exercises/Barbell_Curl/images/0.jpg	https://github.com/wrkout/exercises.json/blob/master/exercises/Barbell_Curl/images/1.jpg	\N	1
132	Preacher Curl with Cable	pull	3	10,12,15	beginner	adjustable cable machine, ez-bar, preacher bench	Place a preacher bench about 2 feet in front of a pulley machine. Attach a straight bar to the low pulley. Sit at the preacher bench with your elbow and upper arms firmly on top of the bench pad and have someone hand you the bar from the low pulley. Grab the bar and fully extend your arms on top of the preacher bench pad. This will be your starting position. Now start pilling the weight up towards your shoulders and squeeze the biceps hard at the top of the movement. Exhale as you perform this motion. Also, hold for a second at the top. Now slowly lower the weight to the starting position. Repeat for the recommended amount of repetitions.	biceps	forearms	https://github.com/wrkout/exercises.json/blob/master/exercises/Cable_Preacher_Curl/images/0.jpg	https://github.com/wrkout/exercises.json/blob/master/exercises/Cable_Preacher_Curl/images/1.jpg	\N	1
133	Lying EZ-Bar Triceps Extension/Skullcrushers	push	3	10,12,15	beginner	e-z curl bar, bench	Using a close grip, lift the EZ bar and hold it with your elbows in as you lie on the bench. Your arms should be perpendicular to the floor. This will be your starting position. Keeping the upper arms stationary, lower the bar by allowing the elbows to flex. Inhale as you perform this portion of the movement. Pause once the bar is directly above the forehead. Lift the bar back to the starting position by extending the elbow and exhaling. Repeat.	triceps	forearms	https://github.com/wrkout/exercises.json/blob/master/exercises/EZ-Bar_Skullcrusher/images/0.jpg	https://github.com/wrkout/exercises.json/blob/master/exercises/EZ-Bar_Skullcrusher/images/1.jpg	\N	1
134	Rope Pressdown	push	3	10,12,15	beginner	adjustable cable machine, rope attachment	Attach a rope attachment to a high pulley and grab with a neutral grip (palms facing each other). Standing upright with the torso straight and a very small inclination forward, bring the upper arms close to your body and perpendicular to the floor. The forearms should be pointing up towards the pulley as they hold the rope with the palms facing each other. This is your starting position. Using the triceps, bring the rope down as you bring each side of the rope to the side of your thighs. At the end of the movement the arms are fully extended and perpendicular to the floor. The upper arms should always remain stationary next to your torso and only the forearms should move. Exhale as you perform this movement. After holding for a second, at the contracted position, bring the rope slowly up to the starting point. Breathe in as you perform this step. Repeat for the recommended amount of repetitions.	triceps		https://github.com/wrkout/exercises.json/blob/master/exercises/Triceps_Pushdown_-_Rope_Attachment/images/0.jpg	https://github.com/wrkout/exercises.json/blob/master/exercises/Triceps_Pushdown_-_Rope_Attachment/images/1.jpg	\N	1
135	Crunch	pull	3	15-20	beginner	body only	Lie flat on your back with your feet flat on the ground, or resting on a bench with your knees bent at a 90 degree angle. If you are resting your feet on a bench, place them three to four inches apart and point your toes inward so they touch. Now place your hands lightly on either side of your head keeping your elbows in. Tip: Don't lock your fingers behind your head. While pushing the small of your back down in the floor to better isolate your abdominal muscles, begin to roll your shoulders off the floor. Continue to push down as hard as you can with your lower back as you contract your abdominals and exhale. Your shoulders should come up off the floor only about four inches, and your lower back should remain on the floor. At the top of the movement, contract your abdominals hard and keep the contraction for a second. Tip: Focus on slow, controlled movement - don't cheat yourself by using momentum. After the one second contraction, begin to come down slowly again to the starting position as you inhale. Repeat for the recommended amount of repetitions.	abdominals		https://github.com/wrkout/exercises.json/blob/master/exercises/Crunches/images/0.jpg	https://github.com/wrkout/exercises.json/blob/master/exercises/Crunches/images/1.jpg	\N	1
136	Leg Press	push	3	10,12,15	beginner	machine	Using a leg press machine, sit down on the machine and place your legs on the platform directly in front of you at a medium (shoulder width) foot stance. (Note: For the purposes of this discussion we will use the medium stance described above which targets overall development; however you can choose any of the three stances described in the foot positioning section). Lower the safety bars holding the weighted platform in place and press the platform all the way up until your legs are fully extended in front of you. Tip: Make sure that you do not lock your knees. Your torso and the legs should make a perfect 90-degree angle. This will be your starting position. As you inhale, slowly lower the platform until your upper and lower legs make a 90-degree angle. Pushing mainly with the heels of your feet and using the quadriceps go back to the starting position as you exhale. Repeat for the recommended amount of repetitions and ensure to lock the safety pins properly once you are done. You do not want that platform falling on you fully loaded.	quadriceps	calves, glutes, hamstrings	https://github.com/wrkout/exercises.json/blob/master/exercises/Leg_Press/images/0.jpg	https://github.com/wrkout/exercises.json/blob/master/exercises/Leg_Press/images/1.jpg	\N	1
137	Lying Leg Curls	pull	3	10,12,15	beginner	machine	Adjust the machine lever to fit your height and lie face down on the leg curl machine with the pad of the lever on the back of your legs (just a few inches under the calves). Tip: Preferably use a leg curl machine that is angled as opposed to flat since an angled position is more favorable for hamstrings recruitment. Keeping the torso flat on the bench, ensure your legs are fully stretched and grab the side handles of the machine. Position your toes straight (or you can also use any of the other two stances described on the foot positioning section). This will be your starting position. As you exhale, curl your legs up as far as possible without lifting the upper legs from the pad. Once you hit the fully contracted position, hold it for a second. As you inhale, bring the legs back to the initial position. Repeat for the recommended amount of repetitions.	hamstrings		https://github.com/wrkout/exercises.json/blob/master/exercises/Lying_Leg_Curls/images/0.jpg	https://github.com/wrkout/exercises.json/blob/master/exercises/Lying_Leg_Curls/images/1.jpg	\N	1
138	Seated Leg Curls	pull	3	10,12,15	beginner	machine	Adjust the machine lever to fit your height and sit on the machine with your back against the back support pad. Place the back of lower leg on top of padded lever (just a few inches under the calves) and secure the lap pad against your thighs, just above the knees. Then grasp the side handles on the machine as you point your toes straight (or you can also use any of the other two stances) and ensure that the legs are fully straight right in front of you. This will be your starting position. As you exhale, pull the machine lever as far as possible to the back of your thighs by flexing at the knees. Keep your torso stationary at all times. Hold the contracted position for a second. Slowly return to the starting position as you breathe in. Repeat for the recommended amount of repetitions.	hamstrings		https://github.com/wrkout/exercises.json/blob/master/exercises/Seated_Leg_Curl/images/0.jpg	https://github.com/wrkout/exercises.json/blob/master/exercises/Seated_Leg_Curl/images/1.jpg	\N	1
139	Standing Calf Raise	push	3	15-20	beginner	box	Adjust the padded lever of the calf raise machine to fit your height. Place your shoulders under the pads provided and position your toes facing forward (or using any of the two other positions described at the beginning of the chapter). The balls of your feet should be secured on top of the calf block with the heels extending off it. Push the lever up by extending your hips and knees until your torso is standing erect. The knees should be kept with a slight bend; never locked. Toes should be facing forward, outwards or inwards as described at the beginning of the chapter. This will be your starting position. Raise your heels as you breathe out by extending your ankles as high as possible and flexing your calf. Ensure that the knee is kept stationary at all times. There should be no bending at any time. Hold the contracted position by a second before you start to go back down. Go back slowly to the starting position as you breathe in by lowering your heels as you bend the ankles until calves are stretched. Repeat for the recommended amount of repetitions.	calves	forearms	https://github.com/wrkout/exercises.json/blob/master/exercises/Standing_Calf_Raises/images/0.jpg	https://github.com/wrkout/exercises.json/blob/master/exercises/Standing_Calf_Raises/images/1.jpg	\N	1
140	Seated Calf Raise	push	3	15-20	beginner	bench	Sit on a box or bench with your feet flat on the floor in front of you. Flex your calves as high as possible before returning back to the starting position.	calves		https://www.muscleandfitness.com/wp-content/uploads/2014/02/47_A.jpg?w=300&quality=86&strip=all	https://www.muscleandfitness.com/wp-content/uploads/2014/02/47_B.jpg?w=300&quality=86&strip=all	\N	1
141	Incline Barbell Bench Press	push	4	10,10,12,15	beginner	barbell, bench	Lie back on an incline bench. Using a medium-width grip (a grip that creates a 90-degree angle in the middle of the movement between the forearms and the upper arms), lift the bar from the rack and hold it straight over you with your arms locked. This will be your starting position. As you breathe in, come down slowly until you feel the bar on you upper chest. After a second pause, bring the bar back to the starting position as you breathe out and push the bar using your chest muscles. Lock your arms in the contracted position, squeeze your chest, hold for a second and then start coming down slowly again. Tip: it should take at least twice as long to go down than to come up. Repeat the movement for the prescribed amount of repetitions. When you are done, place the bar back in the rack.	chest	shoulders, triceps	https://github.com/wrkout/exercises.json/blob/master/exercises/Barbell_Incline_Bench_Press_-_Medium_Grip/images/0.jpg	https://github.com/wrkout/exercises.json/blob/master/exercises/Barbell_Incline_Bench_Press_-_Medium_Grip/images/1.jpg	\N	1
142	Dumbbell Flyes	push	4	10,10,12,15	beginner	dumbbell	Lie down on a flat bench with a dumbbell on each hand resting on top of your thighs. The palms of your hand will be facing each other. Then using your thighs to help raise the dumbbells, lift the dumbbells one at a time so you can hold them in front of you at shoulder width with the palms of your hands facing each other. Raise the dumbbells up like you're pressing them, but stop and hold just before you lock out. This will be your starting position. With a slight bend on your elbows in order to prevent stress at the biceps tendon, lower your arms out at both sides in a wide arc until you feel a stretch on your chest. Breathe in as you perform this portion of the movement. Tip: Keep in mind that throughout the movement, the arms should remain stationary; the movement should only occur at the shoulder joint. Return your arms back to the starting position as you squeeze your chest muscles and breathe out. Tip: Make sure to use the same arc of motion used to lower the weights. Hold for a second at the contracted position and repeat the movement for the prescribed amount of repetitions.	chest		https://github.com/wrkout/exercises.json/blob/master/exercises/Dumbbell_Flyes/images/0.jpg	https://github.com/wrkout/exercises.json/blob/master/exercises/Dumbbell_Flyes/images/1.jpg	\N	1
143	Overhead Dumbbell Press	push	4	10,10,12,15	beginner	dumbbells	Stand with your feet shoulder-width apart and your knees slightly bent. Hold a pair of dumbbells just outside of your shoulders with your arms bent and palms facing each other. Press both dumbbells up until the weights are overhead and your arms are straight. Pause, then lower the dumbbells under control back to the starting position.	shoulders	abs, delts	https://www.muscleandfitness.com/wp-content/uploads/2017/04/overhead-press-compressed-800.jpg?w=300&quality=86&strip=all	https://www.muscleandfitness.com/wp-content/uploads/2017/04/overhead-press-extended-800.jpg?w=300&quality=86&strip=all	\N	1
144	Smith Machine Upright Row	pull	4	8,8,10,12	beginner	smith machine	To begin, set the bar on the smith machine to a height that is around the middle of your thighs. Once the correct height is chosen and the bar is loaded, grasp the bar using a pronated (palms forward) grip that is shoulder width apart. You may need some wrist wraps if using a significant amount of weight. Lift the barbell up and fully extend your arms with your back straight. There should be a slight bend at the elbows. This is the starting position. Use your side shoulders to lift the bar as you exhale. The bar should be close to the body as you move it up. Continue to lift it until it nearly touches your chin. Tip: Your elbows should drive the motion. As you lift the bar, your elbows should always be higher than your forearms. Also, keep your torso stationary and pause for a second at the top of the movement. Lower the bar back down slowly to the starting position. Inhale as you perform this portion of the movement. Repeat for the recommended amount of repetitions.	traps	biceps, middle back, shoulders	https://github.com/wrkout/exercises.json/blob/master/exercises/Smith_Machine_Upright_Row/images/0.jpg	https://github.com/wrkout/exercises.json/blob/master/exercises/Smith_Machine_Upright_Row/images/1.jpg	\N	1
145	Lying EZ-Bar Triceps Extension/Skullcrushers	push	3	10,12,15	beginner	e-z curl bar, bench	Using a close grip, lift the EZ bar and hold it with your elbows in as you lie on the bench. Your arms should be perpendicular to the floor. This will be your starting position. Keeping the upper arms stationary, lower the bar by allowing the elbows to flex. Inhale as you perform this portion of the movement. Pause once the bar is directly above the forehead. Lift the bar back to the starting position by extending the elbow and exhaling. Repeat.	triceps	forearms	https://github.com/wrkout/exercises.json/blob/master/exercises/EZ-Bar_Skullcrusher/images/0.jpg	https://github.com/wrkout/exercises.json/blob/master/exercises/EZ-Bar_Skullcrusher/images/1.jpg	\N	1
146	Tricep Dumbbell Kickback	push	3	10,12,15	beginner	dumbbell	Start with a dumbbell in each hand and your palms facing your torso. Keep your back straight with a slight bend in the knees and bend forward at the waist. Your torso should be almost parallel to the floor. Make sure to keep your head up. Your upper arms should be close to your torso and parallel to the floor. Your forearms should be pointed towards the floor as you hold the weights. There should be a 90-degree angle formed between your forearm and upper arm. This is your starting position. Now, while keeping your upper arms stationary, exhale and use your triceps to lift the weights until the arm is fully extended. Focus on moving the forearm. After a brief pause at the top contraction, inhale and slowly lower the dumbbells back down to the starting position. Repeat the movement for the prescribed amount of repetitions.	triceps		https://github.com/wrkout/exercises.json/blob/master/exercises/Tricep_Dumbbell_Kickback/images/0.jpg	https://github.com/wrkout/exercises.json/blob/master/exercises/Tricep_Dumbbell_Kickback/images/1.jpg	\N	1
147	Barbell Upright Row	pull	4	8,8,10,12	beginner	barbell	Grasp a barbell with an overhand grip that is slightly less than shoulder width. The bar should be resting on the top of your thighs with your arms extended and a slight bend in your elbows. Your back should also be straight. This will be your starting position. Now exhale and use the sides of your shoulders to lift the bar, raising your elbows up and to the side. Keep the bar close to your body as you raise it. Continue to lift the bar until it nearly touches your chin. Tip: Your elbows should drive the motion, and should always be higher than your forearms. Remember to keep your torso stationary and pause for a second at the top of the movement. Lower the bar back down slowly to the starting position. Inhale as you perform this portion of the movement. Repeat for the recommended amount of repetitions.	shoulders	traps	https://github.com/wrkout/exercises.json/blob/master/exercises/Upright_Barbell_Row/images/0.jpg	https://github.com/wrkout/exercises.json/blob/master/exercises/Upright_Barbell_Row/images/1.jpg	\N	1
154	Leg Press	push	4	8,8,10,12	beginner	machine	Using a leg press machine, sit down on the machine and place your legs on the platform directly in front of you at a medium (shoulder width) foot stance. (Note: For the purposes of this discussion we will use the medium stance described above which targets overall development; however you can choose any of the three stances described in the foot positioning section). Lower the safety bars holding the weighted platform in place and press the platform all the way up until your legs are fully extended in front of you. Tip: Make sure that you do not lock your knees. Your torso and the legs should make a perfect 90-degree angle. This will be your starting position. As you inhale, slowly lower the platform until your upper and lower legs make a 90-degree angle. Pushing mainly with the heels of your feet and using the quadriceps go back to the starting position as you exhale. Repeat for the recommended amount of repetitions and ensure to lock the safety pins properly once you are done. You do not want that platform falling on you fully loaded.	quadriceps	calves, glutes, hamstrings	https://github.com/wrkout/exercises.json/blob/master/exercises/Leg_Press/images/0.jpg	https://github.com/wrkout/exercises.json/blob/master/exercises/Leg_Press/images/1.jpg	\N	1
148	Single-Arm Dumbbell Row	pull	4	8,8,10,12	beginner	dumbbell, bench	Choose a flat bench and place a dumbbell on each side of it. Place the right leg on top of the end of the bench, bend your torso forward from the waist until your upper body is parallel to the floor, and place your right hand on the other end of the bench for support. Use the left hand to pick up the dumbbell on the floor and hold the weight while keeping your lower back straight. The palm of the hand should be facing your torso. This will be your starting position. Pull the resistance straight up to the side of your chest, keeping your upper arm close to your side and keeping the torso stationary. Breathe out as you perform this step. Tip: Concentrate on squeezing the back muscles once you reach the full contracted position. Also, make sure that the force is performed with the back muscles and not the arms. Finally, the upper torso should remain stationary and only the arms should move. The forearms should do no other work except for holding the dumbbell; therefore do not try to pull the dumbbell up using the forearms. Lower the resistance straight down to the starting position. Breathe in as you perform this step. Repeat the movement for the specified amount of repetitions. Switch sides and repeat again with the other arm.	middle back	biceps, lats, shoulders	https://github.com/wrkout/exercises.json/blob/master/exercises/One-Arm_Dumbbell_Row/images/0.jpg	https://github.com/wrkout/exercises.json/blob/master/exercises/One-Arm_Dumbbell_Row/images/1.jpg	\N	1
149	Incline Dumbbell Curls	pull	4	8,8,10,12	beginner	dumbbell, bench	Sit back on an incline bench with a dumbbell in each hand held at arms length. Keep your elbows close to your torso and rotate the palms of your hands until they are facing forward. This will be your starting position. While holding the upper arm stationary, curl the weights forward while contracting the biceps as you breathe out. Only the forearms should move. Continue the movement until your biceps are fully contracted and the dumbbells are at shoulder level. Hold the contracted position for a second. Slowly begin to bring the dumbbells back to starting position as your breathe in. Repeat for the recommended amount of repetitions.	biceps		https://github.com/wrkout/exercises.json/blob/master/exercises/Incline_Dumbbell_Curl/images/0.jpg	https://github.com/wrkout/exercises.json/blob/master/exercises/Incline_Dumbbell_Curl/images/1.jpg	\N	1
150	Preacher Curl with Cable	pull	4	8,8,10,12	beginner	adjustable cable machine, ez-bar, preacher bench	Place a preacher bench about 2 feet in front of a pulley machine. Attach a straight bar to the low pulley. Sit at the preacher bench with your elbow and upper arms firmly on top of the bench pad and have someone hand you the bar from the low pulley. Grab the bar and fully extend your arms on top of the preacher bench pad. This will be your starting position. Now start pilling the weight up towards your shoulders and squeeze the biceps hard at the top of the movement. Exhale as you perform this motion. Also, hold for a second at the top. Now slowly lower the weight to the starting position. Repeat for the recommended amount of repetitions.	biceps	forearms	https://github.com/wrkout/exercises.json/blob/master/exercises/Cable_Preacher_Curl/images/0.jpg	https://github.com/wrkout/exercises.json/blob/master/exercises/Cable_Preacher_Curl/images/1.jpg	\N	1
151	Reverse Crunch	pull	3	15-20	beginner	body only	Lie down on the floor with your legs fully extended and arms to the side of your torso with the palms on the floor. Your arms should be stationary for the entire exercise. Move your legs up so that your thighs are perpendicular to the floor and feet are together and parallel to the floor. This is the starting position. While inhaling, move your legs towards the torso as you roll your pelvis backwards and you raise your hips off the floor. At the end of this movement your knees will be touching your chest. Hold the contraction for a second and move your legs back to the starting position while exhaling. Repeat for the recommended amount of repetitions.	abdominals		https://github.com/wrkout/exercises.json/blob/master/exercises/Reverse_Crunch/images/0.jpg	https://github.com/wrkout/exercises.json/blob/master/exercises/Reverse_Crunch/images/1.jpg	\N	1
152	Crunch	pull	3	15-20	beginner	body only	Lie flat on your back with your feet flat on the ground, or resting on a bench with your knees bent at a 90 degree angle. If you are resting your feet on a bench, place them three to four inches apart and point your toes inward so they touch. Now place your hands lightly on either side of your head keeping your elbows in. Tip: Don't lock your fingers behind your head. While pushing the small of your back down in the floor to better isolate your abdominal muscles, begin to roll your shoulders off the floor. Continue to push down as hard as you can with your lower back as you contract your abdominals and exhale. Your shoulders should come up off the floor only about four inches, and your lower back should remain on the floor. At the top of the movement, contract your abdominals hard and keep the contraction for a second. Tip: Focus on slow, controlled movement - don't cheat yourself by using momentum. After the one second contraction, begin to come down slowly again to the starting position as you inhale. Repeat for the recommended amount of repetitions.	abdominals		https://github.com/wrkout/exercises.json/blob/master/exercises/Crunches/images/0.jpg	https://github.com/wrkout/exercises.json/blob/master/exercises/Crunches/images/1.jpg	\N	1
153	Back Squat	push	4	8,8,10,12	beginner	barbell	STARTING POSITION ATHLETE 1. Position the rack so that the bar is approximately at shoulder height. 2. Step under the bar to place it on the upper portion of the back and shoulders. The bar should not rest on your vertebrae. 3. Grip the bar at a comfortable position, about a thumb's length from the knurling (the rough part of the bar) or slightly wider than shoulder width. 4. Lift the bar off the rack by extending the hips and knees, then step back, placing the feet about shoulder-width apart and the toes pointed slightly outward. Keep the bar parallel to the floor and the head in a forward facing,neutral position.	quadriceps	calves, glutes, hamstrings, lower back	https://github.com/wrkout/exercises.json/blob/master/exercises/Barbell_Full_Squat/images/0.jpg	https://github.com/wrkout/exercises.json/blob/master/exercises/Barbell_Full_Squat/images/1.jpg	\N	1
155	Seated Leg Curls	pull	4	8,8,10,12	beginner	machine	Adjust the machine lever to fit your height and sit on the machine with your back against the back support pad. Place the back of lower leg on top of padded lever (just a few inches under the calves) and secure the lap pad against your thighs, just above the knees. Then grasp the side handles on the machine as you point your toes straight (or you can also use any of the other two stances) and ensure that the legs are fully straight right in front of you. This will be your starting position. As you exhale, pull the machine lever as far as possible to the back of your thighs by flexing at the knees. Keep your torso stationary at all times. Hold the contracted position for a second. Slowly return to the starting position as you breathe in. Repeat for the recommended amount of repetitions.	hamstrings		https://github.com/wrkout/exercises.json/blob/master/exercises/Seated_Leg_Curl/images/0.jpg	https://github.com/wrkout/exercises.json/blob/master/exercises/Seated_Leg_Curl/images/1.jpg	\N	1
156	Romanian Deadlift	pull	4	8,8,10,12	intermediate	barbell	Put a barbell in front of you on the ground and grab it using a pronated (palms facing down) grip that a little wider than shoulder width. Tip: Depending on the weight used, you may need wrist wraps to perform the exercise and also a raised platform in order to allow for better range of motion. Bend the knees slightly and keep the shins vertical, hips back and back straight. This will be your starting position. Keeping your back and arms completely straight at all times, use your hips to lift the bar as you exhale. Tip: The movement should not be fast but steady and under control. Once you are standing completely straight up, lower the bar by pushing the hips back, only slightly bending the knees, unlike when squatting. Tip: Take a deep breath at the start of the movement and keep your chest up. Hold your breath as you lower and exhale as you complete the movement. Repeat for the recommended amount of repetitions.	hamstrings	calves, glutes, lower back	https://github.com/wrkout/exercises.json/blob/master/exercises/Romanian_Deadlift/images/0.jpg	https://github.com/wrkout/exercises.json/blob/master/exercises/Romanian_Deadlift/images/1.jpg	\N	1
157	Standing Calf Raise	push	3	25	beginner	machine	Adjust the padded lever of the calf raise machine to fit your height. Place your shoulders under the pads provided and position your toes facing forward (or using any of the two other positions described at the beginning of the chapter). The balls of your feet should be secured on top of the calf block with the heels extending off it. Push the lever up by extending your hips and knees until your torso is standing erect. The knees should be kept with a slight bend; never locked. Toes should be facing forward, outwards or inwards as described at the beginning of the chapter. This will be your starting position. Raise your heels as you breathe out by extending your ankles as high as possible and flexing your calf. Ensure that the knee is kept stationary at all times. There should be no bending at any time. Hold the contracted position by a second before you start to go back down. Go back slowly to the starting position as you breathe in by lowering your heels as you bend the ankles until calves are stretched. Repeat for the recommended amount of repetitions.	calves	forearms	https://github.com/wrkout/exercises.json/blob/master/exercises/Standing_Calf_Raises/images/0.jpg	https://github.com/wrkout/exercises.json/blob/master/exercises/Standing_Calf_Raises/images/1.jpg	\N	1
158	Seated Calf Raise	push	3	25	beginner	bench	Sit on a box or bench with your feet flat on the floor in front of you. Flex your calves as high as possible before returning back to the starting position.	calves		https://www.muscleandfitness.com/wp-content/uploads/2014/02/47_A.jpg?w=300&quality=86&strip=all	https://www.muscleandfitness.com/wp-content/uploads/2014/02/47_B.jpg?w=300&quality=86&strip=all	\N	1
159	Incline Barbell Bench Press	push	5	10	beginner	barbell, bench	Lie back on an incline bench. Using a medium-width grip (a grip that creates a 90-degree angle in the middle of the movement between the forearms and the upper arms), lift the bar from the rack and hold it straight over you with your arms locked. This will be your starting position. As you breathe in, come down slowly until you feel the bar on you upper chest. After a second pause, bring the bar back to the starting position as you breathe out and push the bar using your chest muscles. Lock your arms in the contracted position, squeeze your chest, hold for a second and then start coming down slowly again. Tip: it should take at least twice as long to go down than to come up. Repeat the movement for the prescribed amount of repetitions. When you are done, place the bar back in the rack.	chest	shoulders, triceps	https://github.com/wrkout/exercises.json/blob/master/exercises/Barbell_Incline_Bench_Press_-_Medium_Grip/images/0.jpg	https://github.com/wrkout/exercises.json/blob/master/exercises/Barbell_Incline_Bench_Press_-_Medium_Grip/images/1.jpg	\N	1
160	Dumbbell Bench Press	push	5	8,8,10,10,12	beginner	dumbbell, bench	Lie down on a flat bench with a dumbbell in each hand resting on top of your thighs. The palms of your hands will be facing each other. Then, using your thighs to help raise the dumbbells up, lift the dumbbells one at a time so that you can hold them in front of you at shoulder width. Once at shoulder width, rotate your wrists forward so that the palms of your hands are facing away from you. The dumbbells should be just to the sides of your chest, with your upper arm and forearm creating a 90 degree angle. Be sure to maintain full control of the dumbbells at all times. This will be your starting position. Then, as you breathe out, use your chest to push the dumbbells up. Lock your arms at the top of the lift and squeeze your chest, hold for a second and then begin coming down slowly. Tip: Ideally, lowering the weight should take about twice as long as raising it. Repeat the movement for the prescribed amount of repetitions of your training program.	chest	shoulders, triceps	https://github.com/wrkout/exercises.json/blob/master/exercises/Dumbbell_Bench_Press/images/0.jpg	https://github.com/wrkout/exercises.json/blob/master/exercises/Dumbbell_Bench_Press/images/1.jpg	\N	1
161	Dumbbell Flyes	push	5	8,8,10,10,12	beginner	dumbbell	Lie down on a flat bench with a dumbbell on each hand resting on top of your thighs. The palms of your hand will be facing each other. Then using your thighs to help raise the dumbbells, lift the dumbbells one at a time so you can hold them in front of you at shoulder width with the palms of your hands facing each other. Raise the dumbbells up like you're pressing them, but stop and hold just before you lock out. This will be your starting position. With a slight bend on your elbows in order to prevent stress at the biceps tendon, lower your arms out at both sides in a wide arc until you feel a stretch on your chest. Breathe in as you perform this portion of the movement. Tip: Keep in mind that throughout the movement, the arms should remain stationary; the movement should only occur at the shoulder joint. Return your arms back to the starting position as you squeeze your chest muscles and breathe out. Tip: Make sure to use the same arc of motion used to lower the weights. Hold for a second at the contracted position and repeat the movement for the prescribed amount of repetitions.	chest		https://github.com/wrkout/exercises.json/blob/master/exercises/Dumbbell_Flyes/images/0.jpg	https://github.com/wrkout/exercises.json/blob/master/exercises/Dumbbell_Flyes/images/1.jpg	\N	1
176	Dumbbell Lateral Raise	push	3	10	beginner	dumbbells	Pick a couple of dumbbells and stand with a straight torso and the dumbbells by your side at arms length with the palms of the hand facing you. This will be your starting position. While maintaining the torso in a stationary position (no swinging), lift the dumbbells to your side with a slight bend on the elbow and the hands slightly tilted forward as if pouring water in a glass. Continue to go up until you arms are parallel to the floor. Exhale as you execute this movement and pause for a second at the top. Lower the dumbbells back down slowly to the starting position as you inhale. Repeat for the recommended amount of repetitions.	shoulders		https://github.com/wrkout/exercises.json/blob/master/exercises/Side_Lateral_Raise/images/0.jpg	https://github.com/wrkout/exercises.json/blob/master/exercises/Side_Lateral_Raise/images/1.jpg	\N	1
162	Rope Pressdown	push	4	10,10,12,12	beginner	adjustable cable machine, rope attachment	Attach a rope attachment to a high pulley and grab with a neutral grip (palms facing each other). Standing upright with the torso straight and a very small inclination forward, bring the upper arms close to your body and perpendicular to the floor. The forearms should be pointing up towards the pulley as they hold the rope with the palms facing each other. This is your starting position. Using the triceps, bring the rope down as you bring each side of the rope to the side of your thighs. At the end of the movement the arms are fully extended and perpendicular to the floor. The upper arms should always remain stationary next to your torso and only the forearms should move. Exhale as you perform this movement. After holding for a second, at the contracted position, bring the rope slowly up to the starting point. Breathe in as you perform this step. Repeat for the recommended amount of repetitions.	triceps		https://github.com/wrkout/exercises.json/blob/master/exercises/Triceps_Pushdown_-_Rope_Attachment/images/0.jpg	https://github.com/wrkout/exercises.json/blob/master/exercises/Triceps_Pushdown_-_Rope_Attachment/images/1.jpg	\N	1
163	Tricep Dumbbell Kickback	push	3	10	beginner	dumbbell	Start with a dumbbell in each hand and your palms facing your torso. Keep your back straight with a slight bend in the knees and bend forward at the waist. Your torso should be almost parallel to the floor. Make sure to keep your head up. Your upper arms should be close to your torso and parallel to the floor. Your forearms should be pointed towards the floor as you hold the weights. There should be a 90-degree angle formed between your forearm and upper arm. This is your starting position. Now, while keeping your upper arms stationary, exhale and use your triceps to lift the weights until the arm is fully extended. Focus on moving the forearm. After a brief pause at the top contraction, inhale and slowly lower the dumbbells back down to the starting position. Repeat the movement for the prescribed amount of repetitions.	triceps		https://github.com/wrkout/exercises.json/blob/master/exercises/Tricep_Dumbbell_Kickback/images/0.jpg	https://github.com/wrkout/exercises.json/blob/master/exercises/Tricep_Dumbbell_Kickback/images/1.jpg	\N	1
164	Lying EZ-Bar Triceps Extension/Skullcrushers	push	3	10	beginner	e-z curl bar, bench	Using a close grip, lift the EZ bar and hold it with your elbows in as you lie on the bench. Your arms should be perpendicular to the floor. This will be your starting position. Keeping the upper arms stationary, lower the bar by allowing the elbows to flex. Inhale as you perform this portion of the movement. Pause once the bar is directly above the forehead. Lift the bar back to the starting position by extending the elbow and exhaling. Repeat.	triceps	forearms	https://github.com/wrkout/exercises.json/blob/master/exercises/EZ-Bar_Skullcrusher/images/0.jpg	https://github.com/wrkout/exercises.json/blob/master/exercises/EZ-Bar_Skullcrusher/images/1.jpg	\N	1
165	Standing Calf Raise	push	3	25	beginner	machine	Adjust the padded lever of the calf raise machine to fit your height. Place your shoulders under the pads provided and position your toes facing forward (or using any of the two other positions described at the beginning of the chapter). The balls of your feet should be secured on top of the calf block with the heels extending off it. Push the lever up by extending your hips and knees until your torso is standing erect. The knees should be kept with a slight bend; never locked. Toes should be facing forward, outwards or inwards as described at the beginning of the chapter. This will be your starting position. Raise your heels as you breathe out by extending your ankles as high as possible and flexing your calf. Ensure that the knee is kept stationary at all times. There should be no bending at any time. Hold the contracted position by a second before you start to go back down. Go back slowly to the starting position as you breathe in by lowering your heels as you bend the ankles until calves are stretched. Repeat for the recommended amount of repetitions.	calves	forearms	https://github.com/wrkout/exercises.json/blob/master/exercises/Standing_Calf_Raises/images/0.jpg	https://github.com/wrkout/exercises.json/blob/master/exercises/Standing_Calf_Raises/images/1.jpg	\N	1
166	Seated Calf Raise	push	3	25	beginner	bench	Sit on a box or bench with your feet flat on the floor in front of you. Flex your calves as high as possible before returning back to the starting position.	calves		https://www.muscleandfitness.com/wp-content/uploads/2014/02/47_A.jpg?w=300&quality=86&strip=all	https://www.muscleandfitness.com/wp-content/uploads/2014/02/47_B.jpg?w=300&quality=86&strip=all	\N	1
167	Back Squat	push	5	10	beginner	barbell	STARTING POSITION ATHLETE 1. Position the rack so that the bar is approximately at shoulder height. 2. Step under the bar to place it on the upper portion of the back and shoulders. The bar should not rest on your vertebrae. 3. Grip the bar at a comfortable position, about a thumb's length from the knurling (the rough part of the bar) or slightly wider than shoulder width. 4. Lift the bar off the rack by extending the hips and knees, then step back, placing the feet about shoulder-width apart and the toes pointed slightly outward. Keep the bar parallel to the floor and the head in a forward facing,neutral position.	quadriceps	calves, glutes, hamstrings, lower back	https://github.com/wrkout/exercises.json/blob/master/exercises/Barbell_Full_Squat/images/0.jpg	https://github.com/wrkout/exercises.json/blob/master/exercises/Barbell_Full_Squat/images/1.jpg	\N	1
168	Leg Press	push	5	8,8,10,10,12	beginner	machine	Using a leg press machine, sit down on the machine and place your legs on the platform directly in front of you at a medium (shoulder width) foot stance. (Note: For the purposes of this discussion we will use the medium stance described above which targets overall development; however you can choose any of the three stances described in the foot positioning section). Lower the safety bars holding the weighted platform in place and press the platform all the way up until your legs are fully extended in front of you. Tip: Make sure that you do not lock your knees. Your torso and the legs should make a perfect 90-degree angle. This will be your starting position. As you inhale, slowly lower the platform until your upper and lower legs make a 90-degree angle. Pushing mainly with the heels of your feet and using the quadriceps go back to the starting position as you exhale. Repeat for the recommended amount of repetitions and ensure to lock the safety pins properly once you are done. You do not want that platform falling on you fully loaded.	quadriceps	calves, glutes, hamstrings	https://github.com/wrkout/exercises.json/blob/master/exercises/Leg_Press/images/0.jpg	https://github.com/wrkout/exercises.json/blob/master/exercises/Leg_Press/images/1.jpg	\N	1
177	Seated Calf Raise	push	10	10	beginner	bench	Sit on a box or bench with your feet flat on the floor in front of you. Flex your calves as high as possible before returning back to the starting position.	calves		https://www.muscleandfitness.com/wp-content/uploads/2014/02/47_A.jpg?w=300&quality=86&strip=all	https://www.muscleandfitness.com/wp-content/uploads/2014/02/47_B.jpg?w=300&quality=86&strip=all	\N	1
169	Lying Leg Curls	pull	3	8,10,12	beginner	machine	Adjust the machine lever to fit your height and lie face down on the leg curl machine with the pad of the lever on the back of your legs (just a few inches under the calves). Tip: Preferably use a leg curl machine that is angled as opposed to flat since an angled position is more favorable for hamstrings recruitment. Keeping the torso flat on the bench, ensure your legs are fully stretched and grab the side handles of the machine. Position your toes straight (or you can also use any of the other two stances described on the foot positioning section). This will be your starting position. As you exhale, curl your legs up as far as possible without lifting the upper legs from the pad. Once you hit the fully contracted position, hold it for a second. As you inhale, bring the legs back to the initial position. Repeat for the recommended amount of repetitions.	hamstrings		https://github.com/wrkout/exercises.json/blob/master/exercises/Lying_Leg_Curls/images/0.jpg	https://github.com/wrkout/exercises.json/blob/master/exercises/Lying_Leg_Curls/images/1.jpg	\N	1
170	Romanian Deadlift	pull	3	8,10,10	intermediate	barbell	Put a barbell in front of you on the ground and grab it using a pronated (palms facing down) grip that a little wider than shoulder width. Tip: Depending on the weight used, you may need wrist wraps to perform the exercise and also a raised platform in order to allow for better range of motion. Bend the knees slightly and keep the shins vertical, hips back and back straight. This will be your starting position. Keeping your back and arms completely straight at all times, use your hips to lift the bar as you exhale. Tip: The movement should not be fast but steady and under control. Once you are standing completely straight up, lower the bar by pushing the hips back, only slightly bending the knees, unlike when squatting. Tip: Take a deep breath at the start of the movement and keep your chest up. Hold your breath as you lower and exhale as you complete the movement. Repeat for the recommended amount of repetitions.	hamstrings	calves, glutes, lower back	https://github.com/wrkout/exercises.json/blob/master/exercises/Romanian_Deadlift/images/0.jpg	https://github.com/wrkout/exercises.json/blob/master/exercises/Romanian_Deadlift/images/1.jpg	\N	1
171	Seated Leg Curls	pull	3	8,10,12	beginner	machine	Adjust the machine lever to fit your height and sit on the machine with your back against the back support pad. Place the back of lower leg on top of padded lever (just a few inches under the calves) and secure the lap pad against your thighs, just above the knees. Then grasp the side handles on the machine as you point your toes straight (or you can also use any of the other two stances) and ensure that the legs are fully straight right in front of you. This will be your starting position. As you exhale, pull the machine lever as far as possible to the back of your thighs by flexing at the knees. Keep your torso stationary at all times. Hold the contracted position for a second. Slowly return to the starting position as you breathe in. Repeat for the recommended amount of repetitions.	hamstrings		https://github.com/wrkout/exercises.json/blob/master/exercises/Seated_Leg_Curl/images/0.jpg	https://github.com/wrkout/exercises.json/blob/master/exercises/Seated_Leg_Curl/images/1.jpg	\N	1
172	Reverse Crunch	pull	2	20	beginner	body only	Lie down on the floor with your legs fully extended and arms to the side of your torso with the palms on the floor. Your arms should be stationary for the entire exercise. Move your legs up so that your thighs are perpendicular to the floor and feet are together and parallel to the floor. This is the starting position. While inhaling, move your legs towards the torso as you roll your pelvis backwards and you raise your hips off the floor. At the end of this movement your knees will be touching your chest. Hold the contraction for a second and move your legs back to the starting position while exhaling. Repeat for the recommended amount of repetitions.	abdominals		https://github.com/wrkout/exercises.json/blob/master/exercises/Reverse_Crunch/images/0.jpg	https://github.com/wrkout/exercises.json/blob/master/exercises/Reverse_Crunch/images/1.jpg	\N	1
173	Crunch	pull	2	20	beginner	body only	Lie flat on your back with your feet flat on the ground, or resting on a bench with your knees bent at a 90 degree angle. If you are resting your feet on a bench, place them three to four inches apart and point your toes inward so they touch. Now place your hands lightly on either side of your head keeping your elbows in. Tip: Don't lock your fingers behind your head. While pushing the small of your back down in the floor to better isolate your abdominal muscles, begin to roll your shoulders off the floor. Continue to push down as hard as you can with your lower back as you contract your abdominals and exhale. Your shoulders should come up off the floor only about four inches, and your lower back should remain on the floor. At the top of the movement, contract your abdominals hard and keep the contraction for a second. Tip: Focus on slow, controlled movement - don't cheat yourself by using momentum. After the one second contraction, begin to come down slowly again to the starting position as you inhale. Repeat for the recommended amount of repetitions.	abdominals		https://github.com/wrkout/exercises.json/blob/master/exercises/Crunches/images/0.jpg	https://github.com/wrkout/exercises.json/blob/master/exercises/Crunches/images/1.jpg	\N	1
174	Overhead Dumbbell Press	push	4	12	beginner	dumbbells	Stand with your feet shoulder-width apart and your knees slightly bent. Hold a pair of dumbbells just outside of your shoulders with your arms bent and palms facing each other. Press both dumbbells up until the weights are overhead and your arms are straight. Pause, then lower the dumbbells under control back to the starting position.	shoulders	abs, delts	https://www.muscleandfitness.com/wp-content/uploads/2017/04/overhead-press-compressed-800.jpg?w=300&quality=86&strip=all	https://www.muscleandfitness.com/wp-content/uploads/2017/04/overhead-press-extended-800.jpg?w=300&quality=86&strip=all	\N	1
175	Smith Machine Upright Row	pull	3	8,10,12	beginner	smith machine	To begin, set the bar on the smith machine to a height that is around the middle of your thighs. Once the correct height is chosen and the bar is loaded, grasp the bar using a pronated (palms forward) grip that is shoulder width apart. You may need some wrist wraps if using a significant amount of weight. Lift the barbell up and fully extend your arms with your back straight. There should be a slight bend at the elbows. This is the starting position. Use your side shoulders to lift the bar as you exhale. The bar should be close to the body as you move it up. Continue to lift it until it nearly touches your chin. Tip: Your elbows should drive the motion. As you lift the bar, your elbows should always be higher than your forearms. Also, keep your torso stationary and pause for a second at the top of the movement. Lower the bar back down slowly to the starting position. Inhale as you perform this portion of the movement. Repeat for the recommended amount of repetitions.	traps	biceps, middle back, shoulders	https://github.com/wrkout/exercises.json/blob/master/exercises/Smith_Machine_Upright_Row/images/0.jpg	https://github.com/wrkout/exercises.json/blob/master/exercises/Smith_Machine_Upright_Row/images/1.jpg	\N	1
178	Barbell Bent-Over Row	pull	5	12	beginner	barbell	Holding a barbell with a pronated grip (palms facing down), bend your knees slightly and bring your torso forward, by bending at the waist, while keeping the back straight until it is almost parallel to the floor. Tip: Make sure that you keep the head up. The barbell should hang directly in front of you as your arms hang perpendicular to the floor and your torso. This is your starting position. Now, while keeping the torso stationary, breathe out and lift the barbell to you. Keep the elbows close to the body and only use the forearms to hold the weight. At the top contracted position, squeeze the back muscles and hold for a brief pause. Then inhale and slowly lower the barbell back to the starting position. Repeat for the recommended amount of repetitions.	middle back	biceps, lats, shoulders	https://github.com/wrkout/exercises.json/blob/master/exercises/Bent_Over_Barbell_Row/images/0.jpg	https://github.com/wrkout/exercises.json/blob/master/exercises/Bent_Over_Barbell_Row/images/1.jpg	\N	1
179	Lat Pulldown	pull	5	8,8,10,10,12	beginner	adjustable cable machine, lat pulldown bar	Sit down on a pull-down machine with a wide bar attached to the top pulley. Make sure that you adjust the knee pad of the machine to fit your height. These pads will prevent your body from being raised by the resistance attached to the bar. Grab the bar with the palms facing forward using the prescribed grip. Note on grips: For a wide grip, your hands need to be spaced out at a distance wider than shoulder width. For a medium grip, your hands need to be spaced out at a distance equal to your shoulder width and for a close grip at a distance smaller than your shoulder width. As you have both arms extended in front of you holding the bar at the chosen grip width, bring your torso back around 30 degrees or so while creating a curvature on your lower back and sticking your chest out. This is your starting position. As you breathe out, bring the bar down until it touches your upper chest by drawing the shoulders and the upper arms down and back. Tip: Concentrate on squeezing the back muscles once you reach the full contracted position. The upper torso should remain stationary and only the arms should move. The forearms should do no other work except for holding the bar; therefore do not try to pull down the bar using the forearms. After a second at the contracted position squeezing your shoulder blades together, slowly raise the bar back to the starting position when your arms are fully extended and the lats are fully stretched. Inhale during this portion of the movement. Repeat this motion for the prescribed amount of repetitions.	lats	biceps, middle back, shoulders	https://github.com/wrkout/exercises.json/blob/master/exercises/Wide-Grip_Lat_Pulldown/images/0.jpg	https://github.com/wrkout/exercises.json/blob/master/exercises/Wide-Grip_Lat_Pulldown/images/1.jpg	\N	1
180	Single-Arm Dumbbell Row	pull	5	8,8,10,10,12	beginner	dumbbell, bench	Choose a flat bench and place a dumbbell on each side of it. Place the right leg on top of the end of the bench, bend your torso forward from the waist until your upper body is parallel to the floor, and place your right hand on the other end of the bench for support. Use the left hand to pick up the dumbbell on the floor and hold the weight while keeping your lower back straight. The palm of the hand should be facing your torso. This will be your starting position. Pull the resistance straight up to the side of your chest, keeping your upper arm close to your side and keeping the torso stationary. Breathe out as you perform this step. Tip: Concentrate on squeezing the back muscles once you reach the full contracted position. Also, make sure that the force is performed with the back muscles and not the arms. Finally, the upper torso should remain stationary and only the arms should move. The forearms should do no other work except for holding the dumbbell; therefore do not try to pull the dumbbell up using the forearms. Lower the resistance straight down to the starting position. Breathe in as you perform this step. Repeat the movement for the specified amount of repetitions. Switch sides and repeat again with the other arm.	middle back	biceps, lats, shoulders	https://github.com/wrkout/exercises.json/blob/master/exercises/One-Arm_Dumbbell_Row/images/0.jpg	https://github.com/wrkout/exercises.json/blob/master/exercises/One-Arm_Dumbbell_Row/images/1.jpg	\N	1
181	Barbell Biceps Curl	pull	4	10,10,12,12	beginner	barbell	Stand up with your torso upright while holding a barbell at a shoulder-width grip. The palm of your hands should be facing forward and the elbows should be close to the torso. This will be your starting position. While holding the upper arms stationary, curl the weights forward while contracting the biceps as you breathe out. Tip: Only the forearms should move. Continue the movement until your biceps are fully contracted and the bar is at shoulder level. Hold the contracted position for a second and squeeze the biceps hard. Slowly begin to bring the bar back to starting position as your breathe in. Repeat for the recommended amount of repetitions.	biceps		https://github.com/wrkout/exercises.json/blob/master/exercises/Barbell_Curl/images/0.jpg	https://github.com/wrkout/exercises.json/blob/master/exercises/Barbell_Curl/images/1.jpg	\N	1
182	Incline Dumbbell Curls	pull	3	10	beginner	dumbbell, bench	Sit back on an incline bench with a dumbbell in each hand held at arms length. Keep your elbows close to your torso and rotate the palms of your hands until they are facing forward. This will be your starting position. While holding the upper arm stationary, curl the weights forward while contracting the biceps as you breathe out. Only the forearms should move. Continue the movement until your biceps are fully contracted and the dumbbells are at shoulder level. Hold the contracted position for a second. Slowly begin to bring the dumbbells back to starting position as your breathe in. Repeat for the recommended amount of repetitions.	biceps		https://github.com/wrkout/exercises.json/blob/master/exercises/Incline_Dumbbell_Curl/images/0.jpg	https://github.com/wrkout/exercises.json/blob/master/exercises/Incline_Dumbbell_Curl/images/1.jpg	\N	1
183	Preacher Curl with Cable	pull	3	10	beginner	adjustable cable machine, ez-bar, preacher bench	Place a preacher bench about 2 feet in front of a pulley machine. Attach a straight bar to the low pulley. Sit at the preacher bench with your elbow and upper arms firmly on top of the bench pad and have someone hand you the bar from the low pulley. Grab the bar and fully extend your arms on top of the preacher bench pad. This will be your starting position. Now start pilling the weight up towards your shoulders and squeeze the biceps hard at the top of the movement. Exhale as you perform this motion. Also, hold for a second at the top. Now slowly lower the weight to the starting position. Repeat for the recommended amount of repetitions.	biceps	forearms	https://github.com/wrkout/exercises.json/blob/master/exercises/Cable_Preacher_Curl/images/0.jpg	https://github.com/wrkout/exercises.json/blob/master/exercises/Cable_Preacher_Curl/images/1.jpg	\N	1
46	Decline Push-Ups	push	4	7-8 RPE	beginner	chair or elivated surface	Lie face down on the floor with your hands about 36 inches apart, holding your torso up at arm's length and your feet on a box or bench as your starting position; then, lower yourself until your chest nearly touches the floor as you inhale, exhale while pressing your upper body back up, squeeze your chest at the top, and repeat the downward and upward movements for the desired number of repetitions.	chest	shoulders, triceps			\N	1
184	Crunch	pull	3	20	beginner	body only	Lie flat on your back with your feet flat on the ground, or resting on a bench with your knees bent at a 90 degree angle. If you are resting your feet on a bench, place them three to four inches apart and point your toes inward so they touch. Now place your hands lightly on either side of your head keeping your elbows in. Tip: Don't lock your fingers behind your head. While pushing the small of your back down in the floor to better isolate your abdominal muscles, begin to roll your shoulders off the floor. Continue to push down as hard as you can with your lower back as you contract your abdominals and exhale. Your shoulders should come up off the floor only about four inches, and your lower back should remain on the floor. At the top of the movement, contract your abdominals hard and keep the contraction for a second. Tip: Focus on slow, controlled movement - don't cheat yourself by using momentum. After the one second contraction, begin to come down slowly again to the starting position as you inhale. Repeat for the recommended amount of repetitions.	abdominals		https://github.com/wrkout/exercises.json/blob/master/exercises/Crunches/images/0.jpg	https://github.com/wrkout/exercises.json/blob/master/exercises/Crunches/images/1.jpg	\N	1
1	Dumbbell squat	push	3	10	beginner	dumbbell	set up for the dumbbell squat by choosing a pair of dumbbells and holding them down by your sides. stand with a slight bend in your knees and your feet around shoulder width apart. Keep your head up and your back straight. This is the starting position. Keeping your eyes facing forward slowly lower your body down. Don't lean forward as you come down. Your buttocks should come out and drop straight down. squat down as far as possible or at least until your thighs are parallel with the floor, and then slowly raise your body back up by pushing through your heels. Do not lock the knees out when you stand up, and then repeat the movement.	quads	calves, glutes, hamstrings, lower back	https://github.com/wrkout/exercises.json/blob/cffbbc501abe63b87e7319bd61528f8146151ab4/exercises/Dumbbell_Squat/images/0.jpg	https://github.com/wrkout/exercises.json/blob/cffbbc501abe63b87e7319bd61528f8146151ab4/exercises/Dumbbell_Squat/images/1.jpg	\N	1
2	Dumbbell stiff Leg Deadlift	pull	3	10	beginner	dumbbell	set up for the dumbbell stiff leg deadlift by choosing a pair of dumbbells and holding them down at your sides. stand up straight with a slight bend in your knees and your feet around shoulder width apart. This is your starting position. Keep your back as straight as possible and bend over at the waist lowering the dumbbells over the tops of your feet. Your knees should be kept stationary during the movement. focus on the stretch in your hamstrings, and continue to lower the dumbbells down as far as your hamstrings will let you comfortably. Now engage the hamstrings and begin to raise the dumbbells straight back up. Your eyes should be facing up and your shoulders back. This will prevent your lower back from rounding. squeeze up through the glutes and hamstrings until you're standing straight up. Repeat for desired reps.	hamstrings	glutes, lower back	https://github.com/wrkout/exercises.json/blob/cffbbc501abe63b87e7319bd61528f8146151ab4/exercises/Stiff-Legged_Dumbbell_Deadlift/images/0.jpg	https://github.com/wrkout/exercises.json/blob/cffbbc501abe63b87e7319bd61528f8146151ab4/exercises/Stiff-Legged_Dumbbell_Deadlift/images/1.jpg	\N	1
3	Bent Over Dumbbell Row	pull	3	10	beginner	dumbbell	Assume a standing position while holding a dumbbell in each hand with a neutral grip. Hinge forward until your torso is roughly parallel with the floor (or slightly above) and then begin the movement by driving the elbows behind the body while retracting the shoulder blades. pull the dumbbells towards your body until the elbows are at (or just past) the midline and then slowly lower the dumbbells back to the starting position under control. Repeat for the desired number of repetitions.	Upper back	abs, biceps, lats, lower back, shoulders	https://github.com/wrkout/exercises.json/blob/cffbbc501abe63b87e7319bd61528f8146151ab4/exercises/Bent_Over_Two-Dumbbell_Row/images/0.jpg	https://github.com/wrkout/exercises.json/blob/cffbbc501abe63b87e7319bd61528f8146151ab4/exercises/Bent_Over_Two-Dumbbell_Row/images/1.jpg	\N	1
4	Dumbbell Bench press	push	3	10	beginner	dumbbell	pick up the dumbbells off the floor using a neutral grip (palms facing in). position the ends of the dumbbells in your hip crease, and sit down on the bench. To get into position, lay back and keep the weights close to your chest. Once you are in position, take a deep breath, and press the dumbbells to lockout at the top. slowly lower the dumbbells under control as far as comfortably possible (the handles should be about level with your chest). Contract the chest and push the dumbbells back up to the starting position. Repeat for the desired number of repetitions.	chest	shoulders, triceps	https://github.com/wrkout/exercises.json/blob/cffbbc501abe63b87e7319bd61528f8146151ab4/exercises/Dumbbell_Bench_Press/images/0.jpg	https://github.com/wrkout/exercises.json/blob/cffbbc501abe63b87e7319bd61528f8146151ab4/exercises/Dumbbell_Bench_Press/images/1.jpg	\N	1
5	Dumbbell Lateral Raise	pull	2	8	beginner	dumbbell	The dumbbell lateral raise is a good exercise for building width in your upper body which gives you the 'V' shape. Grab a set of dumbbells and stand straight up with the dumbbells at your sides. Your palms should be facing your body. You should be holding the dumbbells slightly off your body, as this keeps the tension on the side delts. This is your starting position for the exercise. To execute, slowly raise the dumbbells up to around shoulder height. It's important that you do not let your wrists go above your elbows while raising the weight, as this will take the work off the side delts and put it on the front delts. pause at the top of the movement, and then slowly lower the weight back to the starting position. Do not let the dumbbells touch your body, and then raise them for the next rep 	shoulders	\N	https://github.com/wrkout/exercises.json/blob/cffbbc501abe63b87e7319bd61528f8146151ab4/exercises/Side_Lateral_Raise/images/0.jpg	https://github.com/wrkout/exercises.json/blob/cffbbc501abe63b87e7319bd61528f8146151ab4/exercises/Side_Lateral_Raise/images/1.jpg	\N	1
6	Standing Dumbbell Curl	pull	2	8	beginner	dumbbell	Assume the starting position for the standing dumbbell curl by grasping a pair of dumbbells and standing straight up, feet together and dumbbells by your side. The dumbbells should not be touching your body. Your palms should be facing upwards. Take up the slack by bending the elbows slightly. Tension should be on the biceps. slowly curl the dumbbells up as far as possible. squeeze the biceps hard, and then slowly lower the dumbbells back down to the starting position. Repeat for desired reps.	biceps	\N	https://github.com/wrkout/exercises.json/blob/cffbbc501abe63b87e7319bd61528f8146151ab4/exercises/Dumbbell_Bicep_Curl/images/0.jpg	https://github.com/wrkout/exercises.json/blob/cffbbc501abe63b87e7319bd61528f8146151ab4/exercises/Dumbbell_Bicep_Curl/images/1.jpg	\N	1
7	Lying Dumbbell extension	push	2	8	beginner	dumbbell	Grab a pair of dumbbells and sit on the end of a flat bench with the dumbbells resting on your thighs. Lie back on the bench and extend the dumbbells above your head. The dumbbells should not be touching and you should be using a neutral grip (palms facing each other). Bending at the elbows only, keeping your elbows fixed and pointing at your hips, slowly lower the dumbbells down beside your head until they are about level with your ears. pause and squeeze the triceps. Then raise the dumbbells back to the starting position. Do not lock the elbows out, and then repeat for desired reps.	triceps	chest, shoulders	https://github.com/wrkout/exercises.json/blob/cffbbc501abe63b87e7319bd61528f8146151ab4/exercises/Lying_Dumbbell_Tricep_Extension/images/0.jpg	https://github.com/wrkout/exercises.json/blob/cffbbc501abe63b87e7319bd61528f8146151ab4/exercises/Lying_Dumbbell_Tricep_Extension/images/1.jpg	\N	1
8	Dumbbell Lunge	push	3	10	beginner	dumbbell	Choose a pair of dumbbells and stand up straight with a slight bend in your knees. Hold the dumbbells down at your sides. You are now in the starting position. step forward with your left leg while maintaining your balance and squat down through your hips. Keep your torso straight and head up. Don't allow your knee to track out over your toes. push yourself back to the starting position by using your heal to drive you. Repeat this movement with your right leg and then repeat for desired reps.	quads	calves, glutes, hamstrings	https://github.com/wrkout/exercises.json/blob/cffbbc501abe63b87e7319bd61528f8146151ab4/exercises/Dumbbell_Lunges/images/0.jpg	https://github.com/wrkout/exercises.json/blob/cffbbc501abe63b87e7319bd61528f8146151ab4/exercises/Dumbbell_Lunges/images/1.jpg	\N	1
9	Dumbbell Hamstring Curl	pull	3	10	beginner	dumbbell	set up for the dumbbell hamstring curl by elevating a flat bench on a block or step. You can use a grounded flat bench, but elevating it gives you a better range of motion and more efficiently recruits the hamstrings. Now choose the appropriate dumbbell and set it on the ground near the lower end of the bench. Lie face down on the bench and position yourself so that your knees are at the edge of the bench. pick up the dumbbell from the floor with your feet, securing it between the arches of your two feet. Your legs should be fully extended and you can wrap your arms around the bench for stability. This is the starting position. Bending at the knees only, slowly curl the dumbbell up towards your buttocks. Raise the dumbbell as far as comfortably possible or just past 90 degrees. pause for a moment and then lower the dumbbell in a controlled manner back to the starting position. Repeat for desired reps.	hamstrings	\N			\N	1
10	Dumbbell Deadlift	pull	3	10	beginner	dumbbell	set up for the dumbbell deadlift by choosing a pair of dumbbells and placing them on the floor in front of you. stand with your feet at around shoulder width apart and position the dumbbells on the floor so that they are on either side of your feet. Reach down and grab the dumbbells with a neutral grip (palms facing inward) and drop your hips. Your hips should be in the best, most natural position for leverage so you may need to raise or lower them slightly. Make sure your eyes are looking ahead. Your body will follow your head so keep your head up and eyes forward! Be sure to keep a straight back and never allow it to round. You are now in the starting position. focus on standing up with the dumbbells - not pulling them from the floor, and lead with your head as you rise. Drive with your heals and explode upward (leading with your head) as you rise. As the dumbbells rise to knee level, thrust your hips forward and contract your back by bringing your shoulder blades back. pause here for a moment and then reverse the movement by bending at the knees while slowly lowering the weight - keeping the dumbbells under strict control on the descent. Reset your stance if necessary and repeat for desired reps.	lower back	calves, forearms, glutes, hamstrings, middle back, quads, traps	https://github.com/wrkout/exercises.json/blob/cffbbc501abe63b87e7319bd61528f8146151ab4/exercises/Stiff-Legged_Dumbbell_Deadlift/images/0.jpg	https://github.com/wrkout/exercises.json/blob/cffbbc501abe63b87e7319bd61528f8146151ab4/exercises/Stiff-Legged_Dumbbell_Deadlift/images/1.jpg	\N	1
11	Dumbbell Military press	push	3	10	beginner	dumbbell	The standing dumbbell press is one of the most popular mass builders for the shoulders! set up for the exercise by grabbing a pair of dumbbells and standing straight up with your feet around shoulder width apart. Raise the dumbbells to shoulder height on each side, and twist so that your palms are facing forward. Keep your head up and eyes facing forward. This is the starting position for the exercise. slowly raise the dumbbells above your head until your arms are almost fully extended. Do not pause at the top of the movement, and immediately begin lowering the dumbbells back down to the starting position. Repeat this movement for the desired amount of reps.	shoulders	triceps			\N	1
12	Dumbbell flys	push	2	8	beginner	dumbbell	pick up the dumbbells off the floor using a neutral grip (palms facing in). position the ends of the dumbbells in your hip crease, and sit down on the bench. To get into position, lay back and keep the weights close to your chest. Once you are in position, take a deep breath, then press the dumbbells to lockout at the top. slightly retract your shoulder blades, unlock your elbows, and slowly lower the dumbbells laterally while maintaining the angle at your elbow. Once the dumbbells reach chest level, reverse the movement by squeezing your pecs together and bringing the dumbbells back to their starting position. Without allowing the dumbbells to touch, start the next repetition, and continue until the set is completed.	chest	shoulders, triceps	https://github.com/wrkout/exercises.json/blob/cffbbc501abe63b87e7319bd61528f8146151ab4/exercises/Dumbbell_Flyes/images/0.jpg	https://github.com/wrkout/exercises.json/blob/cffbbc501abe63b87e7319bd61528f8146151ab4/exercises/Dumbbell_Flyes/images/1.jpg	\N	1
13	Standing Hammer Curl	pull	2	8	beginner	dumbbell	The hammer curl is a great exercise for the biceps and forearms. set up by grasping a set of dumbbells and standing straight up with the dumbbells by your sides. You should be using a neutral grip, meaning your palms are facing your body. Bend your arms slightly to take tension into the biceps. Keeping your body fixed and elbows in at your sides, slowly curl the dumbbells up as far as possible. squeeze the biceps at the top of the movement, and then slowly lower the weight back to the starting position. Repeat for desired reps.	biceps	forearms	https://github.com/wrkout/exercises.json/blob/cffbbc501abe63b87e7319bd61528f8146151ab4/exercises/Hammer_Curls/images/0.jpg	https://github.com/wrkout/exercises.json/blob/cffbbc501abe63b87e7319bd61528f8146151ab4/exercises/Hammer_Curls/images/1.jpg	\N	1
96	1B. Dumbell Pullover	push	3	10-12	intermediate	dumbell	Grasp a dumbbell with both hands and position yourself on a flat bench with your shoulder blades resting on the bench. You should be at a 90 degree angle to the bench. Your back shoulder be straight, knees bent at 90 degrees, and feet firmly plated on the floor. Holding the dumbbell in both hands, straighten your arms so that dumbbell is directly overhead. This is the starting position.	chest	lats, shoulders, triceps			\N	1
14	Seated Dumbbell Tricep extension	push	2	8	beginner	dumbbell	Select the desired weight from the rack and position an adjustable bench at 90 degrees. To get into position, sit in an upright position and lift the dumbbell to the top of your shoulder. Take a deep breath, overlap your hands around the dumbbell, then press it into position overhead. Maintain an overlapping grip and slowly lower the dumbbell behind your head by unlocking your elbows. Once your forearms reach parallel or just below, drive the dumbbell back to the starting point by extending the elbows and flexing the triceps. Repeat for the desired number of repetitions.	triceps	\N	https://github.com/wrkout/exercises.json/blob/cffbbc501abe63b87e7319bd61528f8146151ab4/exercises/Seated_Triceps_Press/images/0.jpg	https://github.com/wrkout/exercises.json/blob/cffbbc501abe63b87e7319bd61528f8146151ab4/exercises/Seated_Triceps_Press/images/1.jpg	\N	1
15	Dumbbell step Up	push	3	10	beginner	dumbbell	set up for the dumbbell step up by choosing a pair of dumbbells and holding them down at your sides. stand up straight in front of a flat bench or other raised platform. Keep your eyes facing forward and a slight bend in your knees. This is the starting position. Lift your left knee and step onto the platform with your left foot. Once your foot is firmly planted on the platform, use your left heel to lift your body up and place your right foot on the platform as well. pause briefly and then step back with your right leg and carefully return to the starting position. Repeat this motion for desired reps and then repeat while leading with your right foot.	quads	calves, glutes, hamstrings	https://github.com/wrkout/exercises.json/blob/cffbbc501abe63b87e7319bd61528f8146151ab4/exercises/Dumbbell_Step_Ups/images/0.jpg	https://github.com/wrkout/exercises.json/blob/cffbbc501abe63b87e7319bd61528f8146151ab4/exercises/Dumbbell_Step_Ups/images/1.jpg	\N	1
16	Dumbbell stiff Leg Deadlift	pull	3	10	beginner	dumbbell	set up for the dumbbell stiff leg deadlift by choosing a pair of dumbbells and holding them down at your sides. stand up straight with a slight bend in your knees and your feet around shoulder width apart. This is your starting position. Keep your back as straight as possible and bend over at the waist lowering the dumbbells over the tops of your feet. Your knees should be kept stationary during the movement. focus on the stretch in your hamstrings, and continue to lower the dumbbells down as far as your hamstrings will let you comfortably. Now engage the hamstrings and begin to raise the dumbbells straight back up. Your eyes should be facing up and your shoulders back. This will prevent your lower back from rounding. squeeze up through the glutes and hamstrings until you're standing straight up. Repeat for desired reps.	hamstrings	glutes, lower back	https://github.com/wrkout/exercises.json/blob/cffbbc501abe63b87e7319bd61528f8146151ab4/exercises/Stiff-Legged_Dumbbell_Deadlift/images/0.jpg	https://github.com/wrkout/exercises.json/blob/cffbbc501abe63b87e7319bd61528f8146151ab4/exercises/Stiff-Legged_Dumbbell_Deadlift/images/1.jpg	\N	1
17	One Arm Dumbbell Row	pull	3	10	beginner	dumbbell	Assume a standing position while holding a dumbbell in one hand with a neutral grip. Hinge forward until your torso is roughly parallel with the floor (or slightly above) and then begin the movement by driving the elbow behind the body while retracting the shoulder blade. pull the dumbbell towards your body until the elbow is at (or just past) the midline and then slowly lower the dumbbell back to the starting position under control. Repeat for the desired number of repetitions on both sides.	upper back	abs, biceps, lats, shoulders	https://github.com/wrkout/exercises.json/blob/cffbbc501abe63b87e7319bd61528f8146151ab4/exercises/One-Arm_Dumbbell_Row/images/0.jpg	https://github.com/wrkout/exercises.json/blob/cffbbc501abe63b87e7319bd61528f8146151ab4/exercises/One-Arm_Dumbbell_Row/images/1.jpg	\N	1
18	Reverse Grip Dumbbell Bench press	push	3	10	beginner	dumbbell	set up for the exercise by grasping a set of dumbbells and sitting on the end of a flat bench with the ends of the dumbbells resting on your knees. slowly lay back on the bench and push the dumbbells straight up above your chest. Twist the dumbbells so that your palms are facing your shoulders. This is the starting position for the exercise. slowly lower the dumbbells down, keeping your palms in line with the middle of your chest. When the handles get to around chest height, pause and raise the dumbbells back to the starting position. Repeat movement for desired reps.	chest	shoulders, triceps			\N	1
19	Bent Over Dumbbell Reverse fly	pull	2	8	beginner	dumbbell	Select the desired weight from the rack then take a few steps back into an open area. Hinge from the hips until your body is almost parallel to the floor and allow the arms to hang straight down from the shoulders with a neutral grip. Take a deep breath and pull the dumbbells towards the ceiling using the rear deltoids. slowly lower the dumbbells back to the starting position under control. Repeat for the desired number of repetitions.	shoulders	traps, triceps			\N	1
20	Zottman Curl	pull	2	8	beginner	dumbbell	Select the desired weight from the rack and assume a shoulder width stance. Using a supinated grip, take a deep breath and curl the dumbbells towards your shoulders. Once the biceps are fully shortened, rotate the forearms to a pronated position (palms down) and slowly lower the weight back to the starting position. Repeat for the desired number of repetitions.	biceps	forearms	https://github.com/wrkout/exercises.json/blob/cffbbc501abe63b87e7319bd61528f8146151ab4/exercises/Zottman_Curl/images/0.jpg	https://github.com/wrkout/exercises.json/blob/cffbbc501abe63b87e7319bd61528f8146151ab4/exercises/Zottman_Curl/images/1.jpg	\N	1
21	Close Grip Dumbbell press/Crush press	push	2	8	beginner	dumbbell	pick up the dumbbells off the floor using a neutral grip (palms facing in). position the ends of the dumbbells in your hip crease, and sit down on the bench. To get into position, lay back and keep the weights close to your chest. Once you are in position, take a deep breath, crush the dumbbells together, then press them to lockout at the top. Continue to push the dumbbells together while lowering them under control as far as comfortably possible. Once the dumbbells touch your chest, push them back to the starting position. Repeat for the desired number of repetitions.	chest	shoulders, triceps			\N	1
22	Leg Extension	push	2	12	beginner	machine	MACHINE SETUP 1. Position the back pad so that the knee joints align with the machine's axis of rotation. 2. Adjust the starting position so that the leg pad rests in a comfortable position just above the ankles and on or directly above the shins when the knees are bent to 90 degrees. 3. Select the appropriate resistance on the weight stack. 4. Sit straight up with the back firmly against the back rest and the head in a neutral position. Grasp the handles at the sides. ACTION 5. Extend the knees in a smooth and controlled manner until they reach full extension. 6. Return to the starting position in a slow and controlled manner. Do not allow the resistance to rest on the weight stack between reps.	Quadriceps	\N	https://github.com/wrkout/exercises.json/blob/cffbbc501abe63b87e7319bd61528f8146151ab4/exercises/Leg_Extensions/images/0.jpg?raw=true	https://github.com/wrkout/exercises.json/blob/cffbbc501abe63b87e7319bd61528f8146151ab4/exercises/Leg_Extensions/images/1.jpg?raw=true	\N	1
23	Seated Leg Curl	pull	2	12	beginner	machine	MACHINE SETUP 1. Position the back pad so that the knee joints align with the machine's axis of rotation. 2. Adjust the leg pad so that it is positioned just under the ankles when the knees are extended. 3. Select the appropriate resistance on the weight stack. 4. Sit straight up with the back firmly against the backrest and the head in a neutral position. Grasp the handles at the sides. ACTION 5. Bend the knees in a controlled motion to move the pad until the heels are beneath the seat and the knees are bent to about 90 degrees. 6. Return to the starting position in a slow and controlled manner. Do not allow the resistance to rest on the weight stack between reps.	hamstrings	\N	https://github.com/wrkout/exercises.json/blob/cffbbc501abe63b87e7319bd61528f8146151ab4/exercises/Seated_Leg_Curl/images/0.jpg?raw=true	https://github.com/wrkout/exercises.json/blob/cffbbc501abe63b87e7319bd61528f8146151ab4/exercises/Seated_Leg_Curl/images/1.jpg?raw=true	\N	1
24	Machine Chest Press	push	2	12	beginner	machine	MACHINE SETUP 1. Adjust the seat height so that the handles are aligned at nipple height. 2. Adjust the start location for the handles so that they are just in front of the chest. 3. Select the appropriate resistance on the weight stack. 4. Grip the handles with the palms facing forward. 5. Maintain upright posture, with the spine and head against the back pad. ACTION 6. Maintaining upright posture, extend the handles outward until the elbows are fully extended. 7. Slowly return to the starting position. Do not let the resistance rest on the weight stack between reps.	Pectoralis major	anterior deltoid, triceps brachii	https://github.com/wrkout/exercises.json/blob/cffbbc501abe63b87e7319bd61528f8146151ab4/exercises/Machine_Bench_Press/images/0.jpg?raw=true	https://github.com/wrkout/exercises.json/blob/cffbbc501abe63b87e7319bd61528f8146151ab4/exercises/Machine_Bench_Press/images/1.jpg?raw=true	\N	1
25	Machine Seated Row	pull	2	12	beginner	machine	MACHINE SETUP 1. Adjust the seat height to align the mid-chest with the top of the chest pad. 2. Adjust the chest pad to allow for full arm extension. 3. Select the appropriate resistance on the weight stack. 4. Grip the desired handles with the palms facing each other or the palms down. 5. Maintain an upright posture with the chest against the pad. ACTION 6. Pull the shoulders backward in a slow, controlled manner, squeezing the shoulder blades together at the end of the motion. 7. Slowly return to the starting position. Do not let the resistance rest on the weight stack between reps.	Latissimus dorsi, trapezius, rhomboids	\N	\N	\N	\N	1
26	Machine Biceps Curl	pull	2	12	beginner	machine	MACHINE SETUP 1. Adjust the seat height so that the backs of the upper arms rest flat on the arm pad. 2. Align the elbows with the machine's axis of rotation. 3. Select the appropriate resistance on the weight stack. 4. Rotate the handles forward and grip them firmly. 5. Maintain an upright posture, leaning forward slightly if necessary to increase stability. ACTION 6. Bend the elbows in a slow, controlled manner, curling the handles up to the shoulders until the elbows are fully bent. 7. Slowly return the handles to the starting position. Do not let the resistance rest on the weight stack between reps.	Biceps brachii	\N	\N	\N	\N	1
27	Cable triceps extension	push	2	12	beginner	cable	STARTING POSITION 1. Stand in front of the machine with the elbows at the sides of the body and bent to approximately 90 degrees so that the forearms are parallel to the floor. 2. Firmly grip the handle, wrapping the thumbs around it. 3. Keep the elbows directly beneath the shoulders throughout the movement. 4. Maintain an upright posture. ACTION 5. Push down on the handle until the elbows are fully extended. Do not move the upper arm. 6. Slowly return to the starting position following the same path used for the downward movement. Do not let the resistance rest on the weight stack between reps.	Triceps brachii	\N	\N	\N	\N	1
28	Back extension	pull	2	12	beginner	other	MACHINE SETUP 1. Adjust so the upper pad rest on the hips and upper thighs. 2. Position yourself in the machine so that the legs are nearly straight and the torso is approximately 90 degrees from the legs. Keep the neck and spine neutral. 3. Cross the arms over the chest. ACTION 4. Extend at the hips, raising the torso in a controlled and smooth motion until it forms a straight line with the legs. 5. Return to the starting position following the same path used for the upward movement.	Erector spinae	hamstrings, gluteals	https://github.com/wrkout/exercises.json/blob/cffbbc501abe63b87e7319bd61528f8146151ab4/exercises/Hyperextensions_(Back_Extensions)/images/0.jpg?raw=true	https://github.com/wrkout/exercises.json/blob/cffbbc501abe63b87e7319bd61528f8146151ab4/exercises/Hyperextensions_(Back_Extensions)/images/1.jpg?raw=true	\N	1
29	Stability Ball Crunch	pull	2	12	beginner	Stability Ball	STARTING POSITION 1. Start in a seated position on the ball and roll forward until the middle of the back is supported on the ball, and the torso is approximately parallel to the floor. 2. Keep the feet flat on the floor and place the fingertips at each side of the head.ACTION 3. Keeping the feet flat on the floor, curl the torso upward by moving the head and shoulders until the upper back is off and the lower back remains on the ball. 4. Return to the starting position following the same path used for the upward movement.	Rectus abdominis	\N	https://github.com/wrkout/exercises.json/blob/cffbbc501abe63b87e7319bd61528f8146151ab4/exercises/Exercise_Ball_Crunch/images/0.jpg?raw=true	https://github.com/wrkout/exercises.json/blob/cffbbc501abe63b87e7319bd61528f8146151ab4/exercises/Exercise_Ball_Crunch/images/1.jpg?raw=truel	\N	1
30	Step Up	push	3	10	beginner	barbell	STARTING POSITION: ATHLETE 1. Choose an appropriate box (typically about knee height) so that the knee joint is at a 90-degree angle when the foot is on the box. 2. Position the rack so that the bar is approximately at shoulderheight. 3. Facing the box, step under the bar to place it on the upper portion of the shoulders. 4. Grip the bar at a comfortable position, about a thumb's length from the knurling or slightly wider than shoulder width. 5. Lift the bar off the rack by extending the hips and knees, then step toward the box. Face the box with both feet on the ground.	quadriceps	Gluteals, hamstrings	https://github.com/wrkout/exercises.json/blob/cffbbc501abe63b87e7319bd61528f8146151ab4/exercises/Barbell_Step_Ups/images/0.jpg?raw=true	https://github.com/wrkout/exercises.json/blob/cffbbc501abe63b87e7319bd61528f8146151ab4/exercises/Barbell_Step_Ups/images/1.jpg?raw=true	\N	1
47	Chin-Ups 	pull	4	7-8 RPE	beginner	pull-up bar	Grab the pull-up bar with the palms facing your torso and a grip closer than the shoulder width. As you breathe out, pull your torso up until your head is around the level of the pull-up bar. Concentrate on using the biceps muscles in order to perform the movement. Keep the elbows close to your body. Tip: The upper torso should remain stationary as it moves through space and only the arms should move. The forearms should do no other work other than hold the bar. After a second of squeezing the biceps in the contracted position, slowly lower your torso back to the starting position; when your arms are fully extended. Breathe in as you perform this portion of the movement.	lats	biceps, forearms, middle-back			\N	1
31	Back Squat	push	3	10	beginner	Stability Ball	STARTING POSITION ATHLETE 1. Position the rack so that the bar is approximately at shoulder height. 2. Step under the bar to place it on the upper portion of the back and shoulders. The bar should not rest on your vertebrae. 3. Grip the bar at a comfortable position, about a thumb's length from the knurling (the rough part of the bar) or slightly wider than shoulder width. 4. Lift the bar off the rack by extending the hips and knees, then step back, placing the feet about shoulder-width apart and the toes pointed slightly outward. Keep the bar parallel to the floor and the head in a forward facing,neutral position.	Gluteals, hamstrings	quadriceps	https://github.com/wrkout/exercises.json/blob/cffbbc501abe63b87e7319bd61528f8146151ab4/exercises/Exercise_Ball_Crunch/images/0.jpg?raw=true	https://github.com/wrkout/exercises.json/blob/cffbbc501abe63b87e7319bd61528f8146151ab4/exercises/Exercise_Ball_Crunch/images/1.jpg?raw=truel	\N	1
32	Dumbell BenchPress	push	3	10	beginner	dumbbell	STARTING POSITION: ATHLETE 1. Lie on the bench, maintaining contact with the floor and the bench at five points: both of the feet, the hips, the upper back, and the head. 2. Hold the dumbbells in each hand with the thumbs wrapped around the handles. 3. Place the dumbbells slightly to the sides of the chest at nipple level in the down position.	Pectoralis major	anterior deltoid			\N	1
33	Dumbbell upright row	pull	3	10	beginner	dumbbell	STARTING POSITION 1. Stand with the feet shoulder-width apart, maintaining upright posture with the knees slightly bent. 2. Hold the arms in front of the torso with the palms facing toward the thighs and the elbows pointed outward.	Medial deltoid	upper trapezius	https://github.com/wrkout/exercises.json/blob/cffbbc501abe63b87e7319bd61528f8146151ab4/exercises/Standing_Dumbbell_Upright_Row/images/0.jpg?raw=true	https://github.com/wrkout/exercises.json/blob/cffbbc501abe63b87e7319bd61528f8146151ab4/exercises/Standing_Dumbbell_Upright_Row/images/1.jpg?raw=true	\N	1
34	Dumbbell biceps curls	pull	3	10	beginner	dumbbell	STARTING POSITION 1. Firmly hold the dumbbells next to you with the palms facing the thighs, thumbs around the handles. ACTION 3. Raise the dumbbells in a controlled and smooth fashion by bending at the elbows until they are fully bent. As you bend the elbow, rotate the wrist so that the dumbbell rests with the palm facing the chest at the top of the movement. Squeeze the biceps at the top of the movement. 4. Lower the dumbbells, following the same path used for the upward movement, while returning the palms to their position facing the thighs. 5. Do not use momentum to get the dumbbells moving upward, and do not hyperextend the lower back to complete the lift.	Biceps brachii	\N	https://github.com/wrkout/exercises.json/blob/cffbbc501abe63b87e7319bd61528f8146151ab4/exercises/Dumbbell_Bicep_Curl/images/0.jpg?raw=true	https://github.com/wrkout/exercises.json/blob/cffbbc501abe63b87e7319bd61528f8146151ab4/exercises/Dumbbell_Bicep_Curl/images/1.jpg?raw=true	\N	1
35	Cable triceps extension	push	3	10	beginner	cable	STARTING POSITION 1. Stand in front of the machine with the elbows at the sides of the body and bent to approximately 90 degrees so that the forearms are parallel to the floor. 2. Firmly grip the handle, wrapping the thumbs around it. 3. Keep the elbows directly beneath the shoulders throughout the movement. 4. Maintain an upright posture. ACTION 5. Push down on the handle until the elbows are fully extended. Do not move the upper arm. 6. Slowly return to the starting position following the same path used for the downward movement. Do not let the resistance rest on the weight stack between reps.	Triceps brachii	\N	\N	\N	\N	1
36	Back extension	pull	3	10	beginner	other	MACHINE SETUP 1. Adjust so the upper pad rest on the hips and upper thighs. 2. Position yourself in the machine so that the legs are nearly straight and the torso is approximately 90 degrees from the legs. Keep the neck and spine neutral. 3. Cross the arms over the chest. ACTION 4. Extend at the hips, raising the torso in a controlled and smooth motion until it forms a straight line with the legs. 5. Return to the starting position following the same path used for the upward movement.	Erector spinae	hamstrings, gluteals	https://github.com/wrkout/exercises.json/blob/cffbbc501abe63b87e7319bd61528f8146151ab4/exercises/Hyperextensions_(Back_Extensions)/images/0.jpg?raw=true	https://github.com/wrkout/exercises.json/blob/cffbbc501abe63b87e7319bd61528f8146151ab4/exercises/Hyperextensions_(Back_Extensions)/images/1.jpg?raw=true	\N	1
37	Stability Ball Crunch	pull	3	10	beginner	Stability Ball	STARTING POSITION 1. Start in a seated position on the ball and roll forward until the middle of the back is supported on the ball, and the torso is approximately parallel to the floor. 2. Keep the feet flat on the floor and place the fingertips at each side of the head.ACTION 3. Keeping the feet flat on the floor, curl the torso upward by moving the head and shoulders until the upper back is off and the lower back remains on the ball. 4. Return to the starting position following the same path used for the upward movement.	Rectus abdominis	\N	https://github.com/wrkout/exercises.json/blob/cffbbc501abe63b87e7319bd61528f8146151ab4/exercises/Exercise_Ball_Crunch/images/0.jpg?raw=true	https://github.com/wrkout/exercises.json/blob/cffbbc501abe63b87e7319bd61528f8146151ab4/exercises/Exercise_Ball_Crunch/images/1.jpg?raw=truel	\N	1
38	Step Up	push	3	8	beginner	barbell	STARTING POSITION: ATHLETE 1. Choose an appropriate box (typically about knee height) so that the knee joint is at a 90-degree angle when the foot is on the box. 2. Position the rack so that the bar is approximately at shoulderheight. 3. Facing the box, step under the bar to place it on the upper portion of the shoulders. 4. Grip the bar at a comfortable position, about a thumb's length from the knurling or slightly wider than shoulder width. 5. Lift the bar off the rack by extending the hips and knees, then step toward the box. Face the box with both feet on the ground.	quadriceps	Gluteals, hamstrings	https://github.com/wrkout/exercises.json/blob/cffbbc501abe63b87e7319bd61528f8146151ab4/exercises/Barbell_Step_Ups/images/0.jpg?raw=true	https://github.com/wrkout/exercises.json/blob/cffbbc501abe63b87e7319bd61528f8146151ab4/exercises/Barbell_Step_Ups/images/1.jpg?raw=true	\N	1
48	Chair Dips	push	4	7-8 RPE	beginner	chair or elevated surface	Sit on your chair or bench with your arms at your side and your feet flat on the floor, hip distance apart. Position your hands so that your palms are down beside your hips. Your fingers should grip the front of the chair seat. Move your torso forward off the chair with your arms extended. Your buttocks should hover over the floor and your knees should be slightly bent. Your heels should touch the floor a few inches in front of your knees. Breathe in as you slowly lower your body, hinging at the elbows until each forms a 90-degree angle. Breathe out as you push up to your starting position with your arms fully extended.	triceps	shoulders, chest			\N	1
39	Front Squat	push	3	8	beginner	barbell	STARTING POSITION: 1. Position the rack so that the bar is approximately at shoulder height. 2. Grip the bar approximately a thumbs length from the knurling (or slightly wider than shoulder width) and rotate the elbows upward from underneath the bar. Using the fingers to help stabilize, allow the bar to rest across the top of the shoulders and clavicle. Fully bend the elbows to position the upper arms parallel to the floor. This is referred to as the front rack position. 3. Lift the bar off the rack by extending the hips and knees. Step back, placing the feet about shoulder-width apart and the toes pointed slightly outward. ACTION: 4. Keeping the feet flat on the floor, weight distributed toward the heels, and elbows high, initiate a backward movement with the hips. 5. Allow the body to descend by flexing at the hips and knees, keeping the knees in a path that aligns with the toes. 6. As the body descends, keep an upright torso, neutral spine, and the elbows high. 7. Descend until the tops of the thighs are parallel to the floor or until thighcalf contact (if performing a deep squat). 8. Return to the starting position using the same path used for the downward movement.	Quadriceps	Gluteals, hamstrings	https://raw.githubusercontent.com/wrkout/exercises.json/cffbbc501abe63b87e7319bd61528f8146151ab4/exercises/Front_Barbell_Squat/images/0.jpg	https://raw.githubusercontent.com/wrkout/exercises.json/cffbbc501abe63b87e7319bd61528f8146151ab4/exercises/Front_Barbell_Squat/images/1.jpg	\N	1
40	Barbell bench press	push	3	8	beginner	barbell	STARTING POSITION: 1. Lie on the bench, maintaining contact with the floor and the bench at five points: both of the feet, the hips, the upper back, and the head. 2. Grip the bar with a pronated grip, the hands slightly outside of shoulder width, wrapping the thumbs around the bar. 3. Have the spotter assist with removing the bar from the rack. Support the bar over the chest in line with the nipples. ACTION: 4. Maintaining the five points of contact, lower the bar in a controlled motion until it touches the chest at the nipple line. Do not bounce the bar off the chest. 5. While pressing the bar, the upper arms should be at the sides of the body at an angle of approximately 45 degrees from the torso, and the forearms should remain perpendicular to the floor. 6. Press the barbell up to the starting position with the elbows fully extended using the same path used for the downward movement.	Pectoralis major	anterior deltoid, triceps brachii	https://raw.githubusercontent.com/wrkout/exercises.json/cffbbc501abe63b87e7319bd61528f8146151ab4/exercises/Barbell_Bench_Press_-_Medium_Grip/images/0.jpg	https://raw.githubusercontent.com/wrkout/exercises.json/cffbbc501abe63b87e7319bd61528f8146151ab4/exercises/Barbell_Bench_Press_-_Medium_Grip/images/1.jpg	\N	1
41	Dumbbell upright row	pull	3	8	beginner	dumbbell	STARTING POSITION 1. Stand with the feet shoulder-width apart, maintaining upright posture with the knees slightly bent. 2. Hold the arms in front of the torso with the palms facing toward the thighs and the elbows pointed outward.	Medial deltoid	upper trapezius	https://github.com/wrkout/exercises.json/blob/cffbbc501abe63b87e7319bd61528f8146151ab4/exercises/Standing_Dumbbell_Upright_Row/images/0.jpg?raw=true	https://github.com/wrkout/exercises.json/blob/cffbbc501abe63b87e7319bd61528f8146151ab4/exercises/Standing_Dumbbell_Upright_Row/images/1.jpg?raw=true	\N	1
42	Dumbbell biceps curls	pull	3	8	beginner	dumbbell	STARTING POSITION 1. Firmly hold the dumbbells next to you with the palms facing the thighs, thumbs around the handles. ACTION 3. Raise the dumbbells in a controlled and smooth fashion by bending at the elbows until they are fully bent. As you bend the elbow, rotate the wrist so that the dumbbell rests with the palm facing the chest at the top of the movement. Squeeze the biceps at the top of the movement. 4. Lower the dumbbells, following the same path used for the upward movement, while returning the palms to their position facing the thighs. 5. Do not use momentum to get the dumbbells moving upward, and do not hyperextend the lower back to complete the lift.	Biceps brachii	\N	https://github.com/wrkout/exercises.json/blob/cffbbc501abe63b87e7319bd61528f8146151ab4/exercises/Dumbbell_Bicep_Curl/images/0.jpg?raw=true	https://github.com/wrkout/exercises.json/blob/cffbbc501abe63b87e7319bd61528f8146151ab4/exercises/Dumbbell_Bicep_Curl/images/1.jpg?raw=true	\N	1
43	Lying triceps extension	push	3	8	beginner	barbell	STARTING POSITION 1. Lie back on a bench and use an EZ bar to perform the movement. 2. Lie on the bench, making sure that the body makes contact with the floor and the bench at five points: both of the feet, the hips, the upper back, and the head. 3. Hold the bar with the palms facing the feet, wrapping the thumbs around the bar. 4. Have a spotter assist with placing the bar over the chest with the elbows fully extended for the starting position. ACTION: 5. Maintaining the five points of contact and keeping the upper arms stationary, bend at the elbows to slowly lower the bar toward the forehead. Do not touch the forehead. 6. Keep the movement controlled, with the elbows over the shoulders for the duration of the movement. 7. Press the bar up to the start	Triceps brachii	\N	https://raw.githubusercontent.com/wrkout/exercises.json/cffbbc501abe63b87e7319bd61528f8146151ab4/exercises/EZ-Bar_Skullcrusher/images/0.jpg	https://raw.githubusercontent.com/wrkout/exercises.json/cffbbc501abe63b87e7319bd61528f8146151ab4/exercises/EZ-Bar_Skullcrusher/images/1.jpg	\N	1
44	Back extension	pull	3	8	beginner	other	MACHINE SETUP 1. Adjust so the upper pad rest on the hips and upper thighs. 2. Position yourself in the machine so that the legs are nearly straight and the torso is approximately 90 degrees from the legs. Keep the neck and spine neutral. 3. Cross the arms over the chest. ACTION 4. Extend at the hips, raising the torso in a controlled and smooth motion until it forms a straight line with the legs. 5. Return to the starting position following the same path used for the upward movement.	Erector spinae	hamstrings, gluteals	https://github.com/wrkout/exercises.json/blob/cffbbc501abe63b87e7319bd61528f8146151ab4/exercises/Hyperextensions_(Back_Extensions)/images/0.jpg?raw=true	https://github.com/wrkout/exercises.json/blob/cffbbc501abe63b87e7319bd61528f8146151ab4/exercises/Hyperextensions_(Back_Extensions)/images/1.jpg?raw=true	\N	1
45	Stability Ball Crunch	pull	3	8	beginner	Stability Ball	STARTING POSITION 1. Start in a seated position on the ball and roll forward until the middle of the back is supported on the ball, and the torso is approximately parallel to the floor. 2. Keep the feet flat on the floor and place the fingertips at each side of the head.ACTION 3. Keeping the feet flat on the floor, curl the torso upward by moving the head and shoulders until the upper back is off and the lower back remains on the ball. 4. Return to the starting position following the same path used for the upward movement.	Rectus abdominis	\N	https://github.com/wrkout/exercises.json/blob/cffbbc501abe63b87e7319bd61528f8146151ab4/exercises/Exercise_Ball_Crunch/images/0.jpg?raw=true	https://github.com/wrkout/exercises.json/blob/cffbbc501abe63b87e7319bd61528f8146151ab4/exercises/Exercise_Ball_Crunch/images/1.jpg?raw=truel	\N	1
49	Wide Grip Pull-Ups	pull	4	7-8 RPE	beginner	pull-up bar	Grab the pull-up bar with the palms facing forward using the prescribed grip. Note on grips: For a wide grip, your hands need to be spaced out at a distance wider than your shoulder width. For a medium grip, your hands need to be spaced out at a distance equal to your shoulder width and for a close grip at a distance smaller than your shoulder width. Pull your torso up until the bar touches your upper chest by drawing the shoulders and the upper arms down and back. Exhale as you perform this portion of the movement. Tip: Concentrate on squeezing the back muscles once you reach the full contracted position. The upper torso should remain stationary as it moves through space and only the arms should move. The forearms should do no other work other than hold the bar.	lats	biceps, middle-back			\N	1
50	Push-Ups 	push	3	9 RPE	beginner	none	Lie on the floor face down and place your hands at your shoulders distance apart (or a little wider) while holding your torso up at arms length. Next, lower yourself downward until your chest almost touches the floor as you inhale. After a brief pause at the top contracted position, you can begin to lower yourself downward again for as many repetitions as needed.	chest	shoulders, triceps			\N	1
51	Laying Leg Raises(beginner)/Hanging Leg Raises(Advanced)	pull	3	9	beginner-advanced	pull-up bar	Lay flat on back or Hang from a chin-up bar with both arms extended at arms length in top of you using either a wide grip or a medium grip. The legs should be straight down with the pelvis rolled slightly backwards. This will be your starting position. Raise your legs until the torso makes a 90-degree angle with the legs. Exhale as you perform this movement and hold the contraction for a second or so. Go back slowly to the starting position as you breathe in.	abdominals				\N	1
52	Squats	push	4	7-8	beginner	none	Stand straight up with your feet shoulder's width apart. While bending at the knees, push your hips out and bend down. Picture yourself sitting on a chair. Once your hips have become lined up with your knees, return back to starting position.	quadriceps, glutes	calves, hamstrings, lower back			\N	1
53	Single-Leg Straight-Leg Deadlift	pull	4	7-8	beginner	dumbell, kettlebell, or resistance bands	Stand with both feet under hips. Shift your weight to the right leg, which should be nice and straight with a soft bend in the knee. Begin to drive your left foot back like you're stamping the bottom of your foot on the wall behind you, keeping your leg straight. Simultaneously, slowly start hinging at the waist, tipping your torso forward until it's almost parallel to the floor. Keep your arms straight, at shoulder height, and perpendicular to the floor at all times. At the bottom of the position, your body should be in a straight line from the top of your head to the bottom of your left foot. Then, begin pulling your left leg forward while keeping it straight, and lift your torso up until you're standing again. That's one rep. Repeat all reps on one side, then switch legs.	hamstrings	lower back, glutes, abdominals			\N	1
54	Split Squats	push	4	7-8	beginner	chair or elevated surface	Being in a standing position. Jump into a split leg position, with one leg forward and one leg back, flexing the knees and lowering your hips slightly as you do so. As you descend, immediately reverse direction, standing back up and jumping, reversing the position of your legs.	hamstrings	calves, glutes, quadriceps			\N	1
55	Calf Raises	push	3	9	beginner	none		calves	shoulders, chest	Position the platforms of your feet on the edge of a step, on top of an surfaces eleveted 4-6 inches off the ground, or flat on the ground.Raise your heels as you breathe out by extending your ankles as high as possible and flexing your calf. Ensure that the knee is kept stationary at all times. There should be no bending at any time. Hold the contracted position by a second before you start to go back down.		\N	1
56	Rear Lunges	push	3	9	beginner	none	Stand with your torso upright and step backward with your right leg around two feet or so from the left foot and lower your upper body down, while keeping the torso upright and maintaining balance. Inhale as you go down. Tip: As in the other exercises, do not allow your knee to go forward beyond your toes as you come down, as this will put undue stress on the knee joint. Make sure that you keep your front shin perpendicular to the ground. Keep the torso upright during the lunge; flexible hip flexors are important. A long lunge emphasizes the Gluteus Maximus; a short lunge emphasizes Quadriceps. Push up and go back to the starting position as you exhale. Tip: Use the ball of your feet to push in order to accentuate the quadriceps. To focus on the glutes, press with your heels.	quadriceps	calves, glutes, hamstrings			\N	1
57	Planks	push	3	30 seconds	beginner	none	Get into a prone position on the floor, supporting your weight on your toes and your forearms. Your arms are bent and directly below the shoulder. Keep your body straight at all times, and hold this position as long as possible. To increase difficulty, an arm or leg can be raised.	abdominals				\N	1
58	Pike Push-Up 	push	4	7-8	medium	none	Start in a plank position on the floor, with hands firmly on the floor, right under your shoulders. Press toes firmly into the floor too. Keep core tight and back flat and engage your glutes and hamstrings. Your whole body should be neutral and in a straight line. Lift hips up and back until your body forms an inverted V shape. Keep arms and legs as straight as possible. Start to bend elbows, and then lower your entire upper body toward the floor. Stay there for a moment, then slowly push back up until your arms are straight and you're in the inverted V position.	shoulders	triceps, chest			\N	1
59	Pull-Ups	pull	4	7-8	beginner	pull-up bar	Grab the pull-up bar with the palms facing forward using the prescribed grip. Pull your torso up until the bar touches your upper chest by drawing the shoulders and the upper arms down and back. Exhale as you perform this portion of the movement. Tip: Concentrate on squeezing the back muscles once you reach the full contracted position. The upper torso should remain stationary as it moves through space and only the arms should move. The forearms should do no other work other than hold the bar.	lats	biceps, middle-back			\N	1
60	Decline Push-Ups 	push	4	7-8	beginner	chair or elevated surface	Lie face down on the floor with your hands about 36 inches apart, holding your torso up at arm's length and your feet on a box or bench as your starting position; then, lower yourself until your chest nearly touches the floor as you inhale, exhale while pressing your upper body back up, squeeze your chest at the top, and repeat the downward and upward movements for the desired number of repetitions.	chest	shoulders, triceps			\N	1
110	4B. Standing Calf Raise	push	3	10-12	beginner	barbell, dumbells, kettlebells		calves	Grasp a barbell and place it across the back of your shoulders. Make sure the bar sits across the muscles in your upper back, not your neck (or take a dumbell/kettlebell in each hand). Stand up on the block with the balls of your feet on the edge. Keeping your balance, raise your heels off the floor. Squeeze the calves, and then slowly lower your heals back down as far as possible without letting them touch the floor.			\N	1
61	Wide Grip Pull-Ups	pull	4	7-8	beginner	pull-up bar	Grab the pull-up bar with the palms facing forward using the prescribed grip. Note on grips: For a wide grip, your hands need to be spaced out at a distance wider than your shoulder width. For a medium grip, your hands need to be spaced out at a distance equal to your shoulder width and for a close grip at a distance smaller than your shoulder width. Pull your torso up until the bar touches your upper chest by drawing the shoulders and the upper arms down and back. Exhale as you perform this portion of the movement. Tip: Concentrate on squeezing the back muscles once you reach the full contracted position. The upper torso should remain stationary as it moves through space and only the arms should move. The forearms should do no other work other than hold the bar.	lats	biceps, middle-back			\N	1
62	Push-Ups 	push	3	9	beginner	none	Lie on the floor face down and place your hands at your shoulders distance apart (or a little wider) while holding your torso up at arms length. Next, lower yourself downward until your chest almost touches the floor as you inhale. After a brief pause at the top contracted position, you can begin to lower yourself downward again for as many repetitions as needed.	chest	shoulders, triceps			\N	1
63	Chair Dips	push	4	7-8	beginner	chair or elevated surface	Sit on your chair or bench with your arms at your side and your feet flat on the floor, hip distance apart. Position your hands so that your palms are down beside your hips. Your fingers should grip the front of the chair seat. Move your torso forward off the chair with your arms extended. Your buttocks should hover over the floor and your knees should be slightly bent. Your heels should touch the floor a few inches in front of your knees. Breathe in as you slowly lower your body, hinging at the elbows until each forms a 90-degree angle. Breathe out as you push up to your starting position with your arms fully extended.	triceps	shoulders, chest			\N	1
64	Laying Leg Raises(beginner)/Hanging Leg Raises(Advanced)	pull	3	9	beginner-advanced	pull-up bar	Lay flat on back or Hang from a chin-up bar with both arms extended at arms length in top of you using either a wide grip or a medium grip. The legs should be straight down with the pelvis rolled slightly backwards. This will be your starting position. Raise your legs until the torso makes a 90-degree angle with the legs. Exhale as you perform this movement and hold the contraction for a second or so. Go back slowly to the starting position as you breathe in.	abdominals				\N	1
65	Squats	push	4	7-8	beginner	none	Stand straight up with your feet shoulder's width apart. While bending at the knees, push your hips out and bend down. Picture yourself sitting on a chair. Once your hips have become lined up with your knees, return back to starting position.	quadriceps, glutes	calves, hamstrings, lower back			\N	1
66	Single-Leg Straight-Leg Deadlift	pull	4	7-8	beginner	dumbell, kettlebell, or resistance bands	Stand with both feet under hips. Shift your weight to the right leg, which should be nice and straight with a soft bend in the knee. Begin to drive your left foot back like you're stamping the bottom of your foot on the wall behind you, keeping your leg straight. Simultaneously, slowly start hinging at the waist, tipping your torso forward until it's almost parallel to the floor. Keep your arms straight, at shoulder height, and perpendicular to the floor at all times. At the bottom of the position, your body should be in a straight line from the top of your head to the bottom of your left foot. Then, begin pulling your left leg forward while keeping it straight, and lift your torso up until you're standing again. That's one rep. Repeat all reps on one side, then switch legs.	hamstrings	lower back, glutes, abdominals			\N	1
67	Split Squats	push	4	7-8	beginner	chair or elevated surface	Being in a standing position. Jump into a split leg position, with one leg forward and one leg back, flexing the knees and lowering your hips slightly as you do so. As you descend, immediately reverse direction, standing back up and jumping, reversing the position of your legs.	hamstrings	calves, glutes, quadriceps			\N	1
68	Calf Raises	push	3	9	beginner	none		calves	shoulders, chest	Position the platforms of your feet on the edge of a step, on top of an surfaces eleveted 4-6 inches off the ground, or flat on the ground.Raise your heels as you breathe out by extending your ankles as high as possible and flexing your calf. Ensure that the knee is kept stationary at all times. There should be no bending at any time. Hold the contracted position by a second before you start to go back down.		\N	1
69	Squat Jumps	push	3	9	beginner	none	Start standing with feet hip distance apart and lower into a squat position by bending the knees. Keep the spine straight, chest lifted, and knees behind toes. Arms are in front of the chest for balance. Jump straight up and swing arms overhead. Return to squat.6	quadriceps, glutes	calves, core			\N	1
70	Planks	push	3	30 seconds	beginner	none	Get into a prone position on the floor, supporting your weight on your toes and your forearms. Your arms are bent and directly below the shoulder. Keep your body straight at all times, and hold this position as long as possible. To increase difficulty, an arm or leg can be raised.	abdominals				\N	1
71	Goblet Squat	push	4	8-12	beginner	dumbell or kettlebell	Stand holding a light kettlebell by the horns close to your chest. This will be your starting position. Squat down between your legs until your hamstrings are on your calves. Keep your chest and head up and your back straight. At the bottom position, pause and use your elbows to push your knees out. Return to the starting position.	quadriceps	calves, glutes, hamstrings, shoulders			\N	1
72	Lying Leg Curl	pull	3	10-15	beginner	leg-curl machine	Adjust the machine lever to fit your height and lie face down on the leg curl machine with the pad of the lever on the back of your legs (just a few inches under the calves). Tip: Preferably use a leg curl machine that is angled as opposed to flat since an angled position is more favorable for hamstrings recruitment. Keeping the torso flat on the bench, ensure your legs are fully stretched and grab the side handles of the machine. Position your toes straight (or you can also use any of the other two stances described on the foot positioning section). This will be your starting position. As you exhale, curl your legs up as far as possible without lifting the upper legs from the pad. Once you hit the fully contracted position, hold it for a second. As you inhale, bring the legs back to the initial position.	hamstrings				\N	1
94	Cable Curl	pull	3	8-12	beginner	cables	Grab a straight bar or E-Z bar attachment that is attached to the low pulley with both hands, using an underhand (palms facing up) shoulder-width grip. Lie flat on your back on top of an exercise mat in front of the weight stack with your feet flat against the frame of the pulley machine and your legs straight. With your arms extended and your elbows close to your body slightly bend your arms. This will be your starting position. After a second squeeze at the top of the movement, slowly return to the starting position.	bicep				\N	1
73	Standing Calf Raise	push	2	15-20	beginner	standing calf-raise machine	Adjust the padded lever of the calf raise machine to fit your height. Place your shoulders under the pads provided and position your toes facing forward (or using any of the two other positions described at the beginning of the chapter). The balls of your feet should be secured on top of the calf block with the heels extending off it. Push the lever up by extending your hips and knees until your torso is standing erect. The knees should be kept with a slight bend; never locked. Toes should be facing forward, outwards or inwards as described at the beginning of the chapter. This will be your starting position. Raise your heels as you breathe out by extending your ankles as high as possible and flexing your calf. Ensure that the knee is kept stationary at all times. There should be no bending at any time. Hold the contracted position by a second before you start to go back down. Go back slowly to the starting position as you breathe in by lowering your heels as you bend the ankles until calves are stretched.	calves				\N	1
74	Dumbell Row	pull	4	8-12	beginner	dumbell, kettlebell, or resistance bands	Grasp a dumbbell in each hand with a pronated (palms forward) grip that is slightly less than shoulder width. The dumbbells should be resting on top of your thighs. Your arms should be extended with a slight bend at the elbows and your back should be straight. This will be your starting position. Use your side shoulders to lift the dumbbells as you exhale. The dumbbells should be close to the body as you move it up and the elbows should drive the motion. Continue to lift them until they nearly touch your chin. Tip: Your elbows should drive the motion. As you lift the dumbbells, your elbows should always be higher than your forearms. Also, keep your torso stationary and pause for a second at the top of the movement. Lower the dumbbells back down slowly to the starting position. Inhale as you perform this portion of the movement.	traps	biceps, shoulders			\N	1
75	Lat Pull Down	pull	3	10-15	beginner	cable pull-down or lat pull-down machine	Grab the bar with the palms facing forward using the prescribed grip. Note on grips: For a wide grip, your hands need to be spaced out at a distance wider than shoulder width. For a medium grip, your hands need to be spaced out at a distance equal to your shoulder width and for a close grip at a distance smaller than your shoulder width. As you have both arms extended in front of you holding the bar at the chosen grip width, bring your torso back around 30 degrees or so while creating a curvature on your lower back and sticking your chest out. This is your starting position. As you breathe out, bring the bar down until it touches your upper chest by drawing the shoulders and the upper arms down and back. Tip: Concentrate on squeezing the back muscles once you reach the full contracted position. The upper torso should remain stationary and only the arms should move. The forearms should do no other work except for holding the bar; therefore do not try to pull down the bar using the forearms. After a second at the contracted position squeezing your shoulder blades together, slowly raise the bar back to the starting position when your arms are fully extended and the lats are fully stretched. Inhale during this portion of the movement.	lats	biecs, middle back, shoulders			\N	1
76	Incline Dumbell Bench Press	push	4	8-12	beginner	dumbell, kettlebell, or resistance bands	Raise weights to shoulder width and rotate your wrists forward so that the palms of your hands are facing away from you. This will be your starting position. Be sure to keep full control of the dumbbells at all times. Then breathe out and push the dumbbells up with your chest. Lock your arms at the top, hold for a second, and then start slowly lowering the weight. Tip Ideally, lowering the weights should take about twice as long as raising them.	chest	shoulders, triceps			\N	1
77	Lateral Raise	push	3	10-15	beginner	dumbells or resistance bands	Stand tall, a dumbbell in each hand. Arms are at your sides, palms facing in. Lift the dumbbells up and out to each side, keeping your arms almost completely straight, stopping when your elbows reach shoulder-height and your body is forming a T shape. Breathe in as you lift. Pause for a second and the slowly lower the weights.	shoulders				\N	1
78	Dumbbell Stiff Leg Deadlift	pull	4	8-12	beginner	dumbells or kettlebells	Stand with your torso straight and your legs spaced using a shoulder width or narrower stance. The knees should be slightly bent. This is your starting position. Keeping the knees stationary, lower the dumbbells to over the top of your feet by bending at the waist while keeping your back straight. Keep moving forward as if you were going to pick something from the floor until you feel a stretch on the hamstrings. Exhale as you perform this movement. Start bringing your torso up straight again by extending your hips and waist until you are back at the starting position. Inhale as you perform this movement.	hamstrings	glutes, lower back			\N	1
79	 Leg Extension	push	3	10-15	beginner	leg-extension machine	First choose your weight and sit on the machine with your legs under the pad (feet pointed forward) and the hands holding the side bars. This will be your starting position. Using your quadriceps, extend your legs to the maximum as you exhale. Ensure that the rest of the body remains stationary on the seat. Pause a second on the contracted position. Slowly lower the weight back to the original position as you inhale, ensuring that you do not go past the 90-degree angle limit.	quadriceps	adbominals			\N	1
80	Assisted Pull Up Machine	pull	4	8-12	beginner	assisted pull-up machine	Place knees on platform and grip the bar at a grip slightly wider than shoulder width. Pull yourself upward by contracting the lats as you flex the elbow. The elbow should be driven to your side. Pull to the front, attempting to get your chin over the bar.	lats	adbominals, forearms, middle back			\N	1
81	Seated Cable Row	pull	3	10-15	beginner	seated cabel machine	Lean over as you keep the natural alignment of your back and grab the V-bar handles. With your arms extended pull back until your torso is at a 90-degree angle from your legs. Your back should be slightly arched and your chest should be sticking out. You should be feeling a nice stretch on your lats as you hold the bar in front of you. This is the starting position of the exercise. Keeping the torso stationary, pull the handles back towards your torso while keeping the arms close to it until you touch the abdominals. Breathe out as you perform that movement. At that point you should be squeezing your back muscles hard. Hold that contraction for a second and slowly go back to the original position while breathing in.	middle back	biceps, lats, shoulders			\N	1
82	Seated Dumbbell Press	push	3	8-12	begginner	dumbell	Grab a couple of dumbbells and sit on a military press bench or a utility bench that has a back support on it as you place the dumbbells upright on top of your thighs. Clean the dumbbells up one at a time by using your thighs to bring the dumbbells up to shoulder height at each side. Rotate the wrists so that the palms of your hands are facing forward. This is your starting position. As you exhale, push the dumbbells up until they touch at the top. After a second pause, slowly come down back to the starting position as you inhale.	shoulders	triceps			\N	1
83	Dumbbell Bench Press	push	3	10-15	beginner	dumbells	Lie down on a flat bench with a dumbbell in each hand resting on top of your thighs. The palms of your hands will be facing each other. Then, using your thighs to help raise the dumbbells up, lift the dumbbells one at a time so that you can hold them in front of you at shoulder width. Once at shoulder width, rotate your wrists forward so that the palms of your hands are facing away from you. The dumbbells should be just to the sides of your chest, with your upper arm and forearm creating a 90 degree angle. Be sure to maintain full control of the dumbbells at all times. This will be your starting position. Then, as you breathe out, use your chest to push the dumbbells up. Lock your arms at the top of the lift and squeeze your chest, hold for a second and then begin coming down slowly. Tip: Ideally, lowering the weight should take about twice as long as raising it.	chest	shoulders, triceps			\N	1
84	Skullcrusher	push	3	8-12	beginner	ez-bar, barbells	Lay on the bench so that the weights are lined up with your head. Flex your elbows and lower the weight toward the top of your head. Your upper arms should remain relatively perpendicular to your body. This keeps the tension on the triceps versus shifting it to the shoulders. Continue lowering the weight behind the head. The bottom of the dumbbell head should be about in line with the bench's top, or even a little higher if this feels unwieldy. Reverse the movement until the weight is above the chest in the original starting position. Keep from locking the elbow to maintain tension in your triceps muscle.Reverse the movement until the weight is above the chest in the original starting position. Keep from locking the elbow to maintain tension in your triceps muscle.	triceps				\N	1
85	Dumbbell Curl	pull	3	8-12	beginner	dumbell	Stand up straight with a dumbbell in each hand at arm's length. Keep your elbows close to your torso and rotate the palms of your hands until they are facing forward. This will be your starting position. Now, keeping the upper arms stationary, exhale and curl the weights while contracting your biceps. Continue to raise the weights until your biceps are fully contracted and the dumbbells are at shoulder level. Hold the contracted position for a brief pause as you squeeze your biceps. Then, inhale and slowly begin to lower the dumbbells back to the starting position.					\N	1
86	Leg Press	push	4	8-12	beginner	leg press machine	Using a leg press machine, sit down on the machine and place your legs on the platform directly in front of you at a medium (shoulder width) foot stance. Lower the safety bars holding the weighted platform in place and press the platform all the way up until your legs are fully extended in front of you. Tip: Make sure that you do not lock your knees. Your torso and the legs should make a perfect 90-degree angle. This will be your starting position. As you inhale, slowly lower the platform until your upper and lower legs make a 90-degree angle. Pushing mainly with the heels of your feet and using the quadriceps go back to the starting position as you exhale.	quadriceps	calves, glutes, hamstrings			\N	1
87	Walking Lunge	push	3	10-15 each	beginner	dumbells	Begin standing with your feet shoulder width apart and a barbell across your upper back. Step forward with one leg, flexing the knees to drop your hips. Descend until your rear knee nearly touches the ground. Your posture should remain upright, and your front knee should stay above the front foot. Drive through the heel of your lead foot and extend both knees to raise yourself back up. Step forward with your rear foot, repeating the lunge on the opposite leg.	quadriceps	calves, glutes, hamstrings			\N	1
88	Standing Calf Raise	push	2	15-20	beginner	standing calf-raise machine	Adjust the padded lever of the calf raise machine to fit your height. Place your shoulders under the pads provided and position your toes facing forward (or using any of the two other positions described at the beginning of the chapter). The balls of your feet should be secured on top of the calf block with the heels extending off it. Push the lever up by extending your hips and knees until your torso is standing erect. The knees should be kept with a slight bend; never locked. Toes should be facing forward, outwards or inwards as described at the beginning of the chapter. This will be your starting position. Raise your heels as you breathe out by extending your ankles as high as possible and flexing your calf. Ensure that the knee is kept stationary at all times. There should be no bending at any time. Hold the contracted position by a second before you start to go back down. Go back slowly to the starting position as you breathe in by lowering your heels as you bend the ankles until calves are stretched.	calves				\N	1
89	Seated Cable Row		3	10-15	beginner	seated cabel machine	Lean over as you keep the natural alignment of your back and grab the V-bar handles. With your arms extended pull back until your torso is at a 90-degree angle from your legs. Your back should be slightly arched and your chest should be sticking out. You should be feeling a nice stretch on your lats as you hold the bar in front of you. This is the starting position of the exercise. Keeping the torso stationary, pull the handles back towards your torso while keeping the arms close to it until you touch the abdominals. Breathe out as you perform that movement. At that point you should be squeezing your back muscles hard. Hold that contraction for a second and slowly go back to the original position while breathing in.	middle back	biceps, lats, shoulders			\N	1
90	Barbell Row	pull	4	8-12	beginner	barbell	Holding a barbell with a pronated grip (palms facing down), bend your knees slightly and bring your torso forward, by bending at the waist, while keeping the back straight until it is almost parallel to the floor. Tip: Make sure that you keep the head up. The barbell should hang directly in front of you as your arms hang perpendicular to the floor and your torso. This is your starting position. Now, while keeping the torso stationary, breathe out and lift the barbell to you. Keep the elbows close to the body and only use the forearms to hold the weight. At the top contracted position, squeeze the back muscles and hold for a brief pause. Then inhale and slowly lower the barbell back to the starting position.	middle back	biceps, lats, shoulders			\N	1
91	Cable Face Pull	pull	3	10-15	beginner	cables	Facing a high pulley with a rope or dual handles attached, pull the weight directly towards your face, separating your hands as you do so. Keep your upper arms parallel to the ground.	shoulders	middle back			\N	1
92	Push Up	push	3	10-15	beginner	none	Lie on the floor face down and place your hands about 36 inches apart while holding your torso up at arms length. Next, lower yourself downward until your chest almost touches the floor as you inhale. Now breathe out and press your upper body back up to the starting position while squeezing your chest.	chest	shoulders, triceps			\N	1
93	Close Grip Push Up	push	3	8-12	beginner	none	Lie on the floor face down and place your hands to where your thumbs are almost able to touch, while holding your torso up at arms length. Next, lower yourself downward until your chest almost touches the floor as you inhale. Now breathe out and press your upper body back up to the starting position while squeezing your chest.	chest	triceps, shoulders			\N	1
97	2A. Incline Dumbbell Press	push	3	10-12	beginner	dumbells	Pick up the dumbbells off the floor using a neutral grip (palms facing in). Position the ends of the dumbbells in your hip crease, and sit down on the edge of an incline bench. To get into position, lay back and keep the weights close to your chest. Once you are in position, take a deep breath, and press the dumbbells to lockout at the top. Slowly lower the dumbbells under control as far as comfortably possible (the handles should be about level with your chest). Contract the chest and push the dumbbells back up to the starting position.	chest	shoulders, triceps			\N	1
98	2B. Barbell Row	pull	3	10-12	intermediate	barbell	Position the bar directly in front of your shins and hinge forward until your torso is roughly parallel with the floor (or slightly above). Grasp the bar with a double overhand grip and begin the movement by driving the elbows explosively behind the body while retracting the shoulder blades. Pull the bar towards your belly button until it touches your body and then slowly lower the bar back to the starting position under control.	upper back	adbominals, biceps, lats, lower back, shoulders			\N	1
99	3A. Lateral Raise	pull	3	10-12	begginner	dumbells	Your palms should be facing your body. You should be holding the dumbbells slightly off your body, as this keeps the tension on the side delts. This is your starting position for the exercise. To execute, slowly raise the dumbbells up to around shoulder height. It's important that you do not let your wrists go above your elbows while raising the weight, as this will take the work off the side delts and put it on the front delts. Pause at the top of the movement, and then slowly lower the weight back to the starting position.	shoulders				\N	1
100	3B. Rear Lateral Raise	pull	3	10-12	begginner	dumbells	Hinge from the hips until your body is almost parallel to the floor and allow the arms to hang straight down from the shoulders with a neutral grip. Take a deep breath and pull the dumbbells towards the ceiling using the rear deltoids. Slowly lower the dumbbells back to the starting position under control. Repeat for the desired number of repetitions.	shoulders	traps, triceps			\N	1
101	4A. Barbell Curl	pull	3	10-12	beginner	barbell or ez-bar	Grasp a barbell or Olympic bar at around shoulder width apart using an underhand grip (palms facing up). Stand straight up, feet together (you may be more comfortable putting one foot back for stability), back straight, and with your arms fully extended. The bar should not be touching your body. Keeping your eyes facing forwards, elbows tucked in at your sides, and your body completely still, slowly curl the bar up. Squeeze your biceps hard at the top of the movement, and then slowly lower it back to the starting position.	biceps				\N	1
102	4B. Lying Dumbbell Triceps Extension	pull	3	10-12	intermediate	dumbells	Grab a pair of dumbbells and sit on the end of a flat bench with the dumbbells resting on your thighs. Lie back on the bench and extend the dumbbells above your head. The dumbbells should not be touching and you should be using a neutral grip (palms facing each other). Bending at the elbows only, keeping your elbows fixed and pointing at your hips, slowly lower the dumbbells down beside your head until they are about level with your ears. Pause and squeeze the triceps. Then raise the dumbbells back to the starting position.	triceps	chest, shoulders			\N	1
103	1A. Stiff-Leg Deadlift	pull	3	10-12	intermediate	barbell	Position the bar over the top of your shoelaces and assume a hip width stance. Push your hips back and hinge forward until your torso is nearly parallel with the floor. Reach down and grasp the bar using a shoulder width, double overhand grip. Ensure your spine is neutral, shin is vertical, and your hips are roughly the same height as your shoulders. Drive through the whole foot and focus on pushing the floor away. Ensure the bar tracks in a straight line as you extend the knees and hips. Once you have locked out the hips, reverse the movement by pushing the hips back and hinging forward and return the bar to the floor.	hamstrings	adbominals, lower back, calves, glutes, lats, quads, traps, upper back			\N	1
104	1B. Walking Lunge	pull	3	10-12	beginner	dumbell	Set up with your feet shoulder width apart and a dumbbell in each hand. Step forward with one leg and allow both knees to bend simultaneously. Descend until the back knee touches the floor. Drive through the front foot and extend the knee as you stand up fully and return to the starting position. Repeat on the opposite leg.	quadriceps	adbominals, lower back, calves, glutes, hamstrings, shoulders, traps, upper back			\N	1
105	2A. Goblet Squat	push	3	10-12	begginner	barbell	Select a dumbbell and position it at chest height with one hand under each edge of the dumbbell. Take a deep breath and descend by simultaneously pushing the hips back and bending the knees. Once your thighs reach parallel with the floor, begin to reverse the movement. Keep your abs braced and drive your feet through the floor. Drive back to the starting position and repeat for the desired number of repetitions.	quadriceps	adbominals, calves, glutes, hamstrings, shoulders, upper back			\N	1
106	2B. Leg Extension	push	3	10-12	beginner	leg-extension machine	First choose your weight and sit on the machine with your legs under the pad (feet pointed forward) and the hands holding the side bars. This will be your starting position. Using your quadriceps, extend your legs to the maximum as you exhale. Ensure that the rest of the body remains stationary on the seat. Pause a second on the contracted position. Slowly lower the weight back to the original position as you inhale, ensuring that you do not go past the 90-degree angle limit.	quadriceps	adbominals			\N	1
107	3A. Squat Jumps	push	3	10-12	beginner	none	Start standing with feet hip distance apart and lower into a squat position by bending the knees. Keep the spine straight, chest lifted, and knees behind toes. Arms are in front of the chest for balance. Jump straight up and swing arms overhead. Return to squat.6	quadriceps, glutes	calves, core			\N	1
108	3B. Mountain Climbers	pull	3	10-12	begginner	none	Assume a plank pushup position with your hands underneath your shoulders. Drive one knee towards the opposing elbow until the hip reaches 90 degrees of flexion. Slowly return to the starting position and repeat for the desired number of repetitions.	abdominals				\N	1
109	4A. Seated Calf Raise	push	3	10-12	beginner	dumbell	Set up by placing a step or block at the end of a flat bench. Next, grasp a pair of dumbbells and sit on the end of the bench. Put the balls of your feet on the edge of the step/block and rest the ends of the dumbbells on your thighs close to your knees. Let your heels drop as far as possible without hitting the floor. This is the starting position. Slowly raise your heels off the floor as far as possible. Squeeze the calves and pause, and then slowly lower your heels back to the starting position.	calves				\N	1
111	Weighted Crunch	pull	3	10-12	intermediate	plate weight or single dumbell	Lay supine in a relaxed position with your knees bent. Hold a weight plate (or dumbell) directly over your chest and press it to extension. Raise your knees to 90 degrees, at which point they will be perpendicular to the floor. Exhale as you reach towards your toes with the weight plate. Once your abs are fully contracted and your upper back is off the floor, slowly lower yourself back to the starting position.	abdominals				\N	1
112	Roatating Mountain Climbers	push	3	10-12 (each side)	beginner	none	Assume a plank pushup position with your hands underneath your shoulders. Drive one knee towards the opposing elbow until the hip reaches 90 degrees of flexion. Slowly return to the starting position and repeat for the desired number of repetitions.	abdominals				\N	1
113	Seated Twist/Russian Twists	pull	3	10-12 (each side)	beginner		Lie down on the floor placing your feet either under something that will not move or by having a partner hold them. Your legs should be bent at the knees. Elevate your upper body so that it creates an imaginary V-shape with your thighs. Your arms should be fully extended in front of you perpendicular to your torso and with the hands clasped. This is the starting position. Twist your torso to the right side until your arms are parallel with the floor while breathing out. Hold the contraction for a second and move back to the starting position while breathing out. Now move to the opposite side performing the same techniques you applied to the right side.	abdominals				\N	1
114	Laying Leg Raises(beginner)/Hanging Leg Raises(Advanced)	pull	3	10-12 (each side)	beginner	pull-up bar (optional)	Lay flat on back or Hang from a chin-up bar with both arms extended at arms length in top of you using either a wide grip or a medium grip. The legs should be straight down with the pelvis rolled slightly backwards. This will be your starting position. Raise your legs until the torso makes a 90-degree angle with the legs. Exhale as you perform this movement and hold the contraction for a second or so. Go back slowly to the starting position as you breathe in.	abdominals				\N	1
115	Plank		3	60 seconds	beginner	none	Get into a prone position on the floor, supporting your weight on your toes and your forearms. Your arms are bent and directly below the shoulder. Keep your body straight at all times, and hold this position as long as possible. To increase difficulty, an arm or leg can be raised.	abdominals				\N	1
\.


--
-- Data for Name: exercise_app_user_exercise; Type: TABLE DATA; Schema: public; Owner: postgres
--

COPY public.exercise_app_user_exercise (id, exercise_id_id, user_id_id) FROM stdin;
\.


--
-- Data for Name: nutrition_app_food; Type: TABLE DATA; Schema: public; Owner: postgres
--

COPY public.nutrition_app_food (id, created_at, meal, user_id_id) FROM stdin;
\.


--
-- Data for Name: nutrition_app_ingredient; Type: TABLE DATA; Schema: public; Owner: postgres
--

COPY public.nutrition_app_ingredient (id, name, amount_consumed, food_id_id, measurement_id_id) FROM stdin;
\.


--
-- Data for Name: nutrition_app_ingredient_nutrients_id; Type: TABLE DATA; Schema: public; Owner: postgres
--

COPY public.nutrition_app_ingredient_nutrients_id (id, ingredient_id, nutrient_id) FROM stdin;
\.


--
-- Data for Name: nutrition_app_measurement; Type: TABLE DATA; Schema: public; Owner: postgres
--

COPY public.nutrition_app_measurement (id, amount, unit_name) FROM stdin;
\.


--
-- Data for Name: nutrition_app_nutrient; Type: TABLE DATA; Schema: public; Owner: postgres
--

COPY public.nutrition_app_nutrient (id, name, measurement_id_id) FROM stdin;
\.


--
-- Data for Name: survey_app_survey_response; Type: TABLE DATA; Schema: public; Owner: postgres
--

COPY public.survey_app_survey_response (id, height, weight, age, gender, activity_level, dietary_restrictions, created, user_id_id, equipment) FROM stdin;
\.


--
-- Data for Name: user_app_app_user; Type: TABLE DATA; Schema: public; Owner: postgres
--

COPY public.user_app_app_user (id, password, last_login, is_superuser, username, first_name, last_name, is_staff, is_active, date_joined, email) FROM stdin;
1	pbkdf2_sha256$600000$1fyahGn6eAyNwGZceUt5Bz$iPl87cte/Fh3VURy8s4+BWCeNPUk1/HnJHdh6SVs8/w=	\N	f	admin@example.com			f	t	2024-10-05 14:27:34.970447-04	admin@example.com
\.


--
-- Data for Name: user_app_app_user_groups; Type: TABLE DATA; Schema: public; Owner: postgres
--

COPY public.user_app_app_user_groups (id, app_user_id, group_id) FROM stdin;
\.


--
-- Data for Name: user_app_app_user_user_permissions; Type: TABLE DATA; Schema: public; Owner: postgres
--

COPY public.user_app_app_user_user_permissions (id, app_user_id, permission_id) FROM stdin;
\.


--
-- Data for Name: workout_app_user_workout; Type: TABLE DATA; Schema: public; Owner: postgres
--

COPY public.workout_app_user_workout (id, user_id_id, workout_id_id) FROM stdin;
\.


--
-- Data for Name: workout_app_workout; Type: TABLE DATA; Schema: public; Owner: postgres
--

COPY public.workout_app_workout (id, workout_name, workout_details, created_by_id) FROM stdin;
17	Week 1 Full-Body Split	Day 1, Day 3, Day 5	1
18	Week 2 Two-Day Split: Upper & Lower Body	Day 1 and Day 4: Upper Body	1
19	Week 2 Two-Day Split: Upper & Lower Body	Day 2 and Day 5: Lower Body	1
20	Week 3 Three-Day Split: Push, Pull, & Legs	Day 1 and Day 4: Push	1
21	Week 3 Three-Day Split: Push, Pull, & Legs	Day 2 and Day 5: Pull	1
22	Week 3 Three-Day Split: Push, Pull, & Legs	Day 3 and Day 6: Legs	1
23	Week 4 Four-Day Split: Full Body	Day 1: Chest, Triceps, Calves	1
24	Week 4 Four-Day Split: Full Body	Day 2: Legs & Abs	1
25	Week 4 Four-Day Split: Full Body	Day 4: Shoulders & Calves	1
26	Week 4 Four-Day Split: Full Body	Day 5: Back, Biceps, & Abs	1
1	Day 1		1
2	Day 2		1
3	Day 3		1
4	Weeks 1-4	During the first month of strength training, workouts should include 1 to 3 sets of each of the 10 to 12 different exercises with a one-minute rest between exercises. Perform the exercises using a moderate weight. Beginners with a very low level of fitness may need to get in shape before participating in a strength training program that maximizes gains in muscular fitness. In other words, if you have never strength trained before, additional time for muscular adaptation is recommended. For example, instead of performing 8 to 12 exercises with a moderate weight, try performing 4 to 6 different exercises with a light weight, and perhaps perform only 1 set per exercise. This will give you an opportunity to gain confidence in your ability to strength train. A major goal of this training phase is to learn proper form and technique on a variety of upper- and lower-body exercises while practicing training fundamentals (e.g., proper technique, controlled movements, maintaining a normal breathing pattern). Thus, an initial load of 60 to 65 percent of 1RM will allow you to be in the zone of 10 to 12 repetitions on a variety of upper- and lower-body exercises that target all the major muscle groups. Of course, you can use lighter loads when learning a new exercise or attempting to correct a flaw in exercise technique. At least one exercise for all the major muscle groups should be performed.	1
5	Weeks 5-8	During weeks 5 through 8, the workout should become more challenging as strength and coordination improve. By varying the program variables, you start to accomplish specific goals in health and fitness, and you prevent the boredom and training plateaus that eventually lead to a lack of adherence to the program or to dropping out of the program entirely. This is a good time to think about the physical and psychosocial benefits of strength training. Although positive changes in physical abilities certainly are important, so too are the qualitative changes associated with a more active lifestyle. During this period, increase the training volume by performing 3 to 4 sets of 10 exercises at a training intensity of about 75 percent of 1RM (8-10 repetitions). Rest for about one to two minutes between sets. As additional sets are performed in the training program, continued effort will determine training outcomes. Thus, you should expect and welcome the feelings of exercise exertion. A major goal of this conditioning phase is to be confident in your exercises while maximizing training adaptations.	1
6	Weeks 9-12	After the first eight weeks of strength training, improvements in muscular fitness will occur at a slower rate. Beginners who started strength training with great enthusiasm may become disappointed when gains in muscle strength become less dramatic during the third month of training. This is where you need to understand that a strength training workout that was effective during the first few weeks of training may not be effective in the long term. To make continual gains in muscular fitness and to achieve specific health and fitness goals, higher intensities and a more challenging training program are required (i.e., the principle of progressive overload). This is particularly important for people who want to maximize gains in muscle strength or muscle size. During this phase, perform 3 to 4 sets of 8 exercises at a training intensity of 75 to 80 percent of 1RM (6-8 repetitions). Rest about two to three minutes between sets. Although endless combinations of program variables can be used, continued improvement requires that you increase the training weight and reduce the repetitions to the lower end of the training zone once you have performed the desired number of repetitions on the last set. As a general recommendation, you should perform more sets on exercises for large muscle groups than on exercises for smaller muscle groups. However, research has shown that beginners do not experience greater strength gains when performing more than 4 sets per exercise. Therefore, any exercise should probably not be performed for longer than 4 sets.	1
7	Upper Body A	Reps are done based off an RPE (rate of percieved exertion) scale. For example, if the reps call for 7 RPE, you should stop when you can still do 2-3 reps after, while reps calling for 9 RPE should be nearing muscle failure.	1
8	Lower Body A	Reps are done based off an RPE (rate of percieved exertion) scale. For example, if the reps call for 7 RPE, you should stop when you can still do 2-3 reps after, while reps calling for 9 RPE should be nearing muscle failure.	1
9	Upper Body B	Reps are done based off an RPE (rate of percieved exertion) scale. For example, if the reps call for 7 RPE, you should stop when you can still do 2-3 reps after, while reps calling for 9 RPE should be nearing muscle failure.	1
10	Lower Body B	Reps are done based off an RPE (rate of percieved exertion) scale. For example, if the reps call for 7 RPE, you should stop when you can still do 2-3 reps after, while reps calling for 9 RPE should be nearing muscle failure.	1
11	Full Body Day 1		1
12	Full Body Day 2		1
13	Full Body Day 3		1
14	Upper Body Superset Workout (Day1 and Day3)	Exercises will be group by two (exp: 1A + 1B). These are designed to be performed as super sets. So, if you have 3 sets of both exercise, you will perform the first set of the first exercise and immedietly follow it with the first set of the second exercise. 	1
15	Lower Body Superset Workout (Day2 and Day4)	Exercises will be group by two (exp: 1A + 1B). These are designed to be performed as super sets. So, if you have 3 sets of both exercise, you will perform the first set of the first exercise and immedietly follow it with the first set of the second exercise. 	1
16	Cardio and Abs (Day4 and Day6)	Perform 15-30 minutes of moderate-high intensity cardio before doing ab circuit	1
\.


--
-- Data for Name: workout_app_workout_exercises; Type: TABLE DATA; Schema: public; Owner: postgres
--

COPY public.workout_app_workout_exercises (id, workout_id, exercise_id) FROM stdin;
1	17	116
2	17	117
3	17	118
4	17	119
5	17	120
6	17	121
7	17	122
8	17	123
9	17	124
10	18	125
11	18	126
12	18	127
13	18	128
14	18	129
15	18	130
16	18	131
17	18	132
18	18	133
19	18	134
20	18	135
21	19	136
22	19	137
23	19	138
24	19	139
25	19	140
26	20	141
27	20	142
28	20	143
29	20	144
30	20	145
31	20	146
32	21	147
33	21	148
34	21	149
35	21	150
36	21	151
37	21	152
38	22	153
39	22	154
40	22	155
41	22	156
42	22	157
43	22	158
44	23	159
45	23	160
46	23	161
47	23	162
48	23	163
49	23	164
50	23	165
51	23	166
52	24	167
53	24	168
54	24	169
55	24	170
56	24	171
57	24	172
58	24	173
59	25	174
60	25	175
61	25	176
62	25	177
63	26	178
64	26	179
65	26	180
66	26	181
67	26	182
68	26	183
69	26	184
70	1	1
71	1	2
72	1	3
73	1	4
74	1	5
75	1	6
76	1	7
77	2	8
78	2	9
79	2	10
80	2	11
81	2	12
82	2	13
83	2	14
84	3	15
85	3	16
86	3	17
87	3	18
88	3	19
89	3	10
90	3	21
91	4	22
92	4	23
93	4	24
94	4	25
95	4	26
96	4	27
97	4	28
98	4	29
99	5	30
100	5	31
101	5	32
102	5	33
103	5	34
104	5	35
105	5	36
106	5	37
107	6	38
108	6	39
109	6	40
110	6	41
111	6	42
112	6	43
113	6	44
114	6	45
115	7	46
116	7	47
117	7	48
118	7	49
119	7	50
120	7	51
121	8	52
122	8	53
123	8	54
124	8	55
125	8	56
126	8	57
127	9	58
128	9	59
129	9	60
130	9	61
131	9	62
132	9	63
133	9	64
134	10	65
135	10	66
136	10	67
137	10	68
138	10	69
139	10	70
140	11	71
141	11	72
142	11	73
143	11	74
144	11	75
145	11	76
146	11	77
147	12	78
148	12	79
149	12	80
150	12	81
151	12	82
152	12	83
153	12	84
154	12	85
155	13	86
156	13	87
157	13	88
158	13	89
159	13	90
160	13	91
161	13	92
162	13	93
163	13	94
164	14	95
165	14	96
166	14	97
167	14	98
168	14	99
169	14	100
170	14	101
171	14	102
172	15	103
173	15	104
174	15	105
175	15	106
176	15	107
177	15	108
178	15	109
179	15	110
180	16	111
181	16	112
182	16	113
183	16	114
184	16	115
\.


--
-- Data for Name: workout_program_app_user_workout_program; Type: TABLE DATA; Schema: public; Owner: postgres
--

COPY public.workout_program_app_user_workout_program (id, program_id_id, user_id_id) FROM stdin;
\.


--
-- Data for Name: workout_program_app_workout_program; Type: TABLE DATA; Schema: public; Owner: postgres
--

COPY public.workout_program_app_workout_program (id, program_name, program_details, program_difficulty, program_duration, frequency_per_week, created_by_id) FROM stdin;
6	The Complete 4-Week Beginner's Workout Program	Whether you're just starting outor starting againthis fast-track workout plan will help you drastically improve your physique and fitness levels.	beginner	4 weeks	3-6	1
1	Full Body Dumbbell Only Workout	full body dumbbell only workout	beginner	8 weeks	3	1
2	NSCA Beginner Program	12 week beginner program. A total-body workout that should be performed 2-3 days per week.	beginner	12 weeks	2	1
3	Home Calisthenics Workout	full body calisthenics based workout, with minimal equipment required	beginner	8 weeks	4	1
4	3 Day Full Body Gym Program	full body split, reqruires FULL GYM for equipment	beginner	8 weeks	3	1
5	6 Week Workout Challenge	This full body split will repeate the two workouts during the week. Day 1 will also be the workout for Day 4, Day 2 will be the same workout for Day 5, and Day 3 will be the same workout for Day 6.	beginner	6 weeks	6	1
\.


--
-- Data for Name: workout_program_app_workout_program_workouts; Type: TABLE DATA; Schema: public; Owner: postgres
--

COPY public.workout_program_app_workout_program_workouts (id, workout_program_id, workout_id) FROM stdin;
1	6	17
2	1	18
3	1	19
4	1	20
5	1	21
6	1	22
7	1	23
8	1	24
9	1	25
10	1	26
11	1	1
12	1	2
13	1	3
14	2	4
15	2	5
16	2	6
17	3	7
18	3	8
19	3	9
20	3	10
21	4	11
22	4	12
23	4	13
24	5	14
25	5	15
26	5	16
\.


--
-- Name: auth_group_id_seq; Type: SEQUENCE SET; Schema: public; Owner: postgres
--

SELECT pg_catalog.setval('public.auth_group_id_seq', 1, false);


--
-- Name: auth_group_permissions_id_seq; Type: SEQUENCE SET; Schema: public; Owner: postgres
--

SELECT pg_catalog.setval('public.auth_group_permissions_id_seq', 1, false);


--
-- Name: auth_permission_id_seq; Type: SEQUENCE SET; Schema: public; Owner: postgres
--

SELECT pg_catalog.setval('public.auth_permission_id_seq', 76, true);


--
-- Name: django_admin_log_id_seq; Type: SEQUENCE SET; Schema: public; Owner: postgres
--

SELECT pg_catalog.setval('public.django_admin_log_id_seq', 1, false);


--
-- Name: django_content_type_id_seq; Type: SEQUENCE SET; Schema: public; Owner: postgres
--

SELECT pg_catalog.setval('public.django_content_type_id_seq', 19, true);


--
-- Name: django_migrations_id_seq; Type: SEQUENCE SET; Schema: public; Owner: postgres
--

SELECT pg_catalog.setval('public.django_migrations_id_seq', 29, true);


--
-- Name: exercise_app_exercise_id_seq; Type: SEQUENCE SET; Schema: public; Owner: postgres
--

SELECT pg_catalog.setval('public.exercise_app_exercise_id_seq', 184, true);


--
-- Name: exercise_app_user_exercise_id_seq; Type: SEQUENCE SET; Schema: public; Owner: postgres
--

SELECT pg_catalog.setval('public.exercise_app_user_exercise_id_seq', 1, false);


--
-- Name: nutrition_app_food_id_seq; Type: SEQUENCE SET; Schema: public; Owner: postgres
--

SELECT pg_catalog.setval('public.nutrition_app_food_id_seq', 1, false);


--
-- Name: nutrition_app_ingredient_id_seq; Type: SEQUENCE SET; Schema: public; Owner: postgres
--

SELECT pg_catalog.setval('public.nutrition_app_ingredient_id_seq', 1, false);


--
-- Name: nutrition_app_ingredient_nutrients_id_id_seq; Type: SEQUENCE SET; Schema: public; Owner: postgres
--

SELECT pg_catalog.setval('public.nutrition_app_ingredient_nutrients_id_id_seq', 1, false);


--
-- Name: nutrition_app_measurement_id_seq; Type: SEQUENCE SET; Schema: public; Owner: postgres
--

SELECT pg_catalog.setval('public.nutrition_app_measurement_id_seq', 1, false);


--
-- Name: nutrition_app_nutrient_id_seq; Type: SEQUENCE SET; Schema: public; Owner: postgres
--

SELECT pg_catalog.setval('public.nutrition_app_nutrient_id_seq', 1, false);


--
-- Name: survey_app_survey_response_id_seq; Type: SEQUENCE SET; Schema: public; Owner: postgres
--

SELECT pg_catalog.setval('public.survey_app_survey_response_id_seq', 1, false);


--
-- Name: user_app_app_user_groups_id_seq; Type: SEQUENCE SET; Schema: public; Owner: postgres
--

SELECT pg_catalog.setval('public.user_app_app_user_groups_id_seq', 1, false);


--
-- Name: user_app_app_user_id_seq; Type: SEQUENCE SET; Schema: public; Owner: postgres
--

SELECT pg_catalog.setval('public.user_app_app_user_id_seq', 1, true);


--
-- Name: user_app_app_user_user_permissions_id_seq; Type: SEQUENCE SET; Schema: public; Owner: postgres
--

SELECT pg_catalog.setval('public.user_app_app_user_user_permissions_id_seq', 1, false);


--
-- Name: workout_app_user_workout_id_seq; Type: SEQUENCE SET; Schema: public; Owner: postgres
--

SELECT pg_catalog.setval('public.workout_app_user_workout_id_seq', 1, false);


--
-- Name: workout_app_workout_exercises_id_seq; Type: SEQUENCE SET; Schema: public; Owner: postgres
--

SELECT pg_catalog.setval('public.workout_app_workout_exercises_id_seq', 184, true);


--
-- Name: workout_app_workout_id_seq; Type: SEQUENCE SET; Schema: public; Owner: postgres
--

SELECT pg_catalog.setval('public.workout_app_workout_id_seq', 26, true);


--
-- Name: workout_program_app_user_workout_program_id_seq; Type: SEQUENCE SET; Schema: public; Owner: postgres
--

SELECT pg_catalog.setval('public.workout_program_app_user_workout_program_id_seq', 1, false);


--
-- Name: workout_program_app_workout_program_id_seq; Type: SEQUENCE SET; Schema: public; Owner: postgres
--

SELECT pg_catalog.setval('public.workout_program_app_workout_program_id_seq', 6, true);


--
-- Name: workout_program_app_workout_program_workouts_id_seq; Type: SEQUENCE SET; Schema: public; Owner: postgres
--

SELECT pg_catalog.setval('public.workout_program_app_workout_program_workouts_id_seq', 26, true);


--
-- Name: auth_group auth_group_name_key; Type: CONSTRAINT; Schema: public; Owner: postgres
--

ALTER TABLE ONLY public.auth_group
    ADD CONSTRAINT auth_group_name_key UNIQUE (name);


--
-- Name: auth_group_permissions auth_group_permissions_group_id_permission_id_0cd325b0_uniq; Type: CONSTRAINT; Schema: public; Owner: postgres
--

ALTER TABLE ONLY public.auth_group_permissions
    ADD CONSTRAINT auth_group_permissions_group_id_permission_id_0cd325b0_uniq UNIQUE (group_id, permission_id);


--
-- Name: auth_group_permissions auth_group_permissions_pkey; Type: CONSTRAINT; Schema: public; Owner: postgres
--

ALTER TABLE ONLY public.auth_group_permissions
    ADD CONSTRAINT auth_group_permissions_pkey PRIMARY KEY (id);


--
-- Name: auth_group auth_group_pkey; Type: CONSTRAINT; Schema: public; Owner: postgres
--

ALTER TABLE ONLY public.auth_group
    ADD CONSTRAINT auth_group_pkey PRIMARY KEY (id);


--
-- Name: auth_permission auth_permission_content_type_id_codename_01ab375a_uniq; Type: CONSTRAINT; Schema: public; Owner: postgres
--

ALTER TABLE ONLY public.auth_permission
    ADD CONSTRAINT auth_permission_content_type_id_codename_01ab375a_uniq UNIQUE (content_type_id, codename);


--
-- Name: auth_permission auth_permission_pkey; Type: CONSTRAINT; Schema: public; Owner: postgres
--

ALTER TABLE ONLY public.auth_permission
    ADD CONSTRAINT auth_permission_pkey PRIMARY KEY (id);


--
-- Name: authtoken_token authtoken_token_pkey; Type: CONSTRAINT; Schema: public; Owner: postgres
--

ALTER TABLE ONLY public.authtoken_token
    ADD CONSTRAINT authtoken_token_pkey PRIMARY KEY (key);


--
-- Name: authtoken_token authtoken_token_user_id_key; Type: CONSTRAINT; Schema: public; Owner: postgres
--

ALTER TABLE ONLY public.authtoken_token
    ADD CONSTRAINT authtoken_token_user_id_key UNIQUE (user_id);


--
-- Name: django_admin_log django_admin_log_pkey; Type: CONSTRAINT; Schema: public; Owner: postgres
--

ALTER TABLE ONLY public.django_admin_log
    ADD CONSTRAINT django_admin_log_pkey PRIMARY KEY (id);


--
-- Name: django_content_type django_content_type_app_label_model_76bd3d3b_uniq; Type: CONSTRAINT; Schema: public; Owner: postgres
--

ALTER TABLE ONLY public.django_content_type
    ADD CONSTRAINT django_content_type_app_label_model_76bd3d3b_uniq UNIQUE (app_label, model);


--
-- Name: django_content_type django_content_type_pkey; Type: CONSTRAINT; Schema: public; Owner: postgres
--

ALTER TABLE ONLY public.django_content_type
    ADD CONSTRAINT django_content_type_pkey PRIMARY KEY (id);


--
-- Name: django_migrations django_migrations_pkey; Type: CONSTRAINT; Schema: public; Owner: postgres
--

ALTER TABLE ONLY public.django_migrations
    ADD CONSTRAINT django_migrations_pkey PRIMARY KEY (id);


--
-- Name: django_session django_session_pkey; Type: CONSTRAINT; Schema: public; Owner: postgres
--

ALTER TABLE ONLY public.django_session
    ADD CONSTRAINT django_session_pkey PRIMARY KEY (session_key);


--
-- Name: exercise_app_exercise exercise_app_exercise_pkey; Type: CONSTRAINT; Schema: public; Owner: postgres
--

ALTER TABLE ONLY public.exercise_app_exercise
    ADD CONSTRAINT exercise_app_exercise_pkey PRIMARY KEY (id);


--
-- Name: exercise_app_user_exercise exercise_app_user_exercise_pkey; Type: CONSTRAINT; Schema: public; Owner: postgres
--

ALTER TABLE ONLY public.exercise_app_user_exercise
    ADD CONSTRAINT exercise_app_user_exercise_pkey PRIMARY KEY (id);


--
-- Name: nutrition_app_food nutrition_app_food_pkey; Type: CONSTRAINT; Schema: public; Owner: postgres
--

ALTER TABLE ONLY public.nutrition_app_food
    ADD CONSTRAINT nutrition_app_food_pkey PRIMARY KEY (id);


--
-- Name: nutrition_app_ingredient_nutrients_id nutrition_app_ingredient_ingredient_id_nutrient_i_041a409f_uniq; Type: CONSTRAINT; Schema: public; Owner: postgres
--

ALTER TABLE ONLY public.nutrition_app_ingredient_nutrients_id
    ADD CONSTRAINT nutrition_app_ingredient_ingredient_id_nutrient_i_041a409f_uniq UNIQUE (ingredient_id, nutrient_id);


--
-- Name: nutrition_app_ingredient_nutrients_id nutrition_app_ingredient_nutrients_id_pkey; Type: CONSTRAINT; Schema: public; Owner: postgres
--

ALTER TABLE ONLY public.nutrition_app_ingredient_nutrients_id
    ADD CONSTRAINT nutrition_app_ingredient_nutrients_id_pkey PRIMARY KEY (id);


--
-- Name: nutrition_app_ingredient nutrition_app_ingredient_pkey; Type: CONSTRAINT; Schema: public; Owner: postgres
--

ALTER TABLE ONLY public.nutrition_app_ingredient
    ADD CONSTRAINT nutrition_app_ingredient_pkey PRIMARY KEY (id);


--
-- Name: nutrition_app_measurement nutrition_app_measurement_pkey; Type: CONSTRAINT; Schema: public; Owner: postgres
--

ALTER TABLE ONLY public.nutrition_app_measurement
    ADD CONSTRAINT nutrition_app_measurement_pkey PRIMARY KEY (id);


--
-- Name: nutrition_app_nutrient nutrition_app_nutrient_pkey; Type: CONSTRAINT; Schema: public; Owner: postgres
--

ALTER TABLE ONLY public.nutrition_app_nutrient
    ADD CONSTRAINT nutrition_app_nutrient_pkey PRIMARY KEY (id);


--
-- Name: survey_app_survey_response survey_app_survey_response_pkey; Type: CONSTRAINT; Schema: public; Owner: postgres
--

ALTER TABLE ONLY public.survey_app_survey_response
    ADD CONSTRAINT survey_app_survey_response_pkey PRIMARY KEY (id);


--
-- Name: user_app_app_user user_app_app_user_email_key; Type: CONSTRAINT; Schema: public; Owner: postgres
--

ALTER TABLE ONLY public.user_app_app_user
    ADD CONSTRAINT user_app_app_user_email_key UNIQUE (email);


--
-- Name: user_app_app_user_groups user_app_app_user_groups_app_user_id_group_id_75ba306a_uniq; Type: CONSTRAINT; Schema: public; Owner: postgres
--

ALTER TABLE ONLY public.user_app_app_user_groups
    ADD CONSTRAINT user_app_app_user_groups_app_user_id_group_id_75ba306a_uniq UNIQUE (app_user_id, group_id);


--
-- Name: user_app_app_user_groups user_app_app_user_groups_pkey; Type: CONSTRAINT; Schema: public; Owner: postgres
--

ALTER TABLE ONLY public.user_app_app_user_groups
    ADD CONSTRAINT user_app_app_user_groups_pkey PRIMARY KEY (id);


--
-- Name: user_app_app_user user_app_app_user_pkey; Type: CONSTRAINT; Schema: public; Owner: postgres
--

ALTER TABLE ONLY public.user_app_app_user
    ADD CONSTRAINT user_app_app_user_pkey PRIMARY KEY (id);


--
-- Name: user_app_app_user_user_permissions user_app_app_user_user_p_app_user_id_permission_i_744c522a_uniq; Type: CONSTRAINT; Schema: public; Owner: postgres
--

ALTER TABLE ONLY public.user_app_app_user_user_permissions
    ADD CONSTRAINT user_app_app_user_user_p_app_user_id_permission_i_744c522a_uniq UNIQUE (app_user_id, permission_id);


--
-- Name: user_app_app_user_user_permissions user_app_app_user_user_permissions_pkey; Type: CONSTRAINT; Schema: public; Owner: postgres
--

ALTER TABLE ONLY public.user_app_app_user_user_permissions
    ADD CONSTRAINT user_app_app_user_user_permissions_pkey PRIMARY KEY (id);


--
-- Name: user_app_app_user user_app_app_user_username_key; Type: CONSTRAINT; Schema: public; Owner: postgres
--

ALTER TABLE ONLY public.user_app_app_user
    ADD CONSTRAINT user_app_app_user_username_key UNIQUE (username);


--
-- Name: workout_app_user_workout workout_app_user_workout_pkey; Type: CONSTRAINT; Schema: public; Owner: postgres
--

ALTER TABLE ONLY public.workout_app_user_workout
    ADD CONSTRAINT workout_app_user_workout_pkey PRIMARY KEY (id);


--
-- Name: workout_app_workout_exercises workout_app_workout_exer_workout_id_exercise_id_09685a76_uniq; Type: CONSTRAINT; Schema: public; Owner: postgres
--

ALTER TABLE ONLY public.workout_app_workout_exercises
    ADD CONSTRAINT workout_app_workout_exer_workout_id_exercise_id_09685a76_uniq UNIQUE (workout_id, exercise_id);


--
-- Name: workout_app_workout_exercises workout_app_workout_exercises_pkey; Type: CONSTRAINT; Schema: public; Owner: postgres
--

ALTER TABLE ONLY public.workout_app_workout_exercises
    ADD CONSTRAINT workout_app_workout_exercises_pkey PRIMARY KEY (id);


--
-- Name: workout_app_workout workout_app_workout_pkey; Type: CONSTRAINT; Schema: public; Owner: postgres
--

ALTER TABLE ONLY public.workout_app_workout
    ADD CONSTRAINT workout_app_workout_pkey PRIMARY KEY (id);


--
-- Name: workout_program_app_user_workout_program workout_program_app_user_workout_program_pkey; Type: CONSTRAINT; Schema: public; Owner: postgres
--

ALTER TABLE ONLY public.workout_program_app_user_workout_program
    ADD CONSTRAINT workout_program_app_user_workout_program_pkey PRIMARY KEY (id);


--
-- Name: workout_program_app_workout_program_workouts workout_program_app_work_workout_program_id_worko_9c99c079_uniq; Type: CONSTRAINT; Schema: public; Owner: postgres
--

ALTER TABLE ONLY public.workout_program_app_workout_program_workouts
    ADD CONSTRAINT workout_program_app_work_workout_program_id_worko_9c99c079_uniq UNIQUE (workout_program_id, workout_id);


--
-- Name: workout_program_app_workout_program workout_program_app_workout_program_pkey; Type: CONSTRAINT; Schema: public; Owner: postgres
--

ALTER TABLE ONLY public.workout_program_app_workout_program
    ADD CONSTRAINT workout_program_app_workout_program_pkey PRIMARY KEY (id);


--
-- Name: workout_program_app_workout_program_workouts workout_program_app_workout_program_workouts_pkey; Type: CONSTRAINT; Schema: public; Owner: postgres
--

ALTER TABLE ONLY public.workout_program_app_workout_program_workouts
    ADD CONSTRAINT workout_program_app_workout_program_workouts_pkey PRIMARY KEY (id);


--
-- Name: auth_group_name_a6ea08ec_like; Type: INDEX; Schema: public; Owner: postgres
--

CREATE INDEX auth_group_name_a6ea08ec_like ON public.auth_group USING btree (name varchar_pattern_ops);


--
-- Name: auth_group_permissions_group_id_b120cbf9; Type: INDEX; Schema: public; Owner: postgres
--

CREATE INDEX auth_group_permissions_group_id_b120cbf9 ON public.auth_group_permissions USING btree (group_id);


--
-- Name: auth_group_permissions_permission_id_84c5c92e; Type: INDEX; Schema: public; Owner: postgres
--

CREATE INDEX auth_group_permissions_permission_id_84c5c92e ON public.auth_group_permissions USING btree (permission_id);


--
-- Name: auth_permission_content_type_id_2f476e4b; Type: INDEX; Schema: public; Owner: postgres
--

CREATE INDEX auth_permission_content_type_id_2f476e4b ON public.auth_permission USING btree (content_type_id);


--
-- Name: authtoken_token_key_10f0b77e_like; Type: INDEX; Schema: public; Owner: postgres
--

CREATE INDEX authtoken_token_key_10f0b77e_like ON public.authtoken_token USING btree (key varchar_pattern_ops);


--
-- Name: django_admin_log_content_type_id_c4bce8eb; Type: INDEX; Schema: public; Owner: postgres
--

CREATE INDEX django_admin_log_content_type_id_c4bce8eb ON public.django_admin_log USING btree (content_type_id);


--
-- Name: django_admin_log_user_id_c564eba6; Type: INDEX; Schema: public; Owner: postgres
--

CREATE INDEX django_admin_log_user_id_c564eba6 ON public.django_admin_log USING btree (user_id);


--
-- Name: django_session_expire_date_a5c62663; Type: INDEX; Schema: public; Owner: postgres
--

CREATE INDEX django_session_expire_date_a5c62663 ON public.django_session USING btree (expire_date);


--
-- Name: django_session_session_key_c0390e0f_like; Type: INDEX; Schema: public; Owner: postgres
--

CREATE INDEX django_session_session_key_c0390e0f_like ON public.django_session USING btree (session_key varchar_pattern_ops);


--
-- Name: exercise_app_exercise_created_by_id_a2ba8686; Type: INDEX; Schema: public; Owner: postgres
--

CREATE INDEX exercise_app_exercise_created_by_id_a2ba8686 ON public.exercise_app_exercise USING btree (created_by_id);


--
-- Name: exercise_app_user_exercise_exercise_id_id_4ffed9bc; Type: INDEX; Schema: public; Owner: postgres
--

CREATE INDEX exercise_app_user_exercise_exercise_id_id_4ffed9bc ON public.exercise_app_user_exercise USING btree (exercise_id_id);


--
-- Name: exercise_app_user_exercise_user_id_id_63d50d23; Type: INDEX; Schema: public; Owner: postgres
--

CREATE INDEX exercise_app_user_exercise_user_id_id_63d50d23 ON public.exercise_app_user_exercise USING btree (user_id_id);


--
-- Name: nutrition_app_food_user_id_id_83d7c41b; Type: INDEX; Schema: public; Owner: postgres
--

CREATE INDEX nutrition_app_food_user_id_id_83d7c41b ON public.nutrition_app_food USING btree (user_id_id);


--
-- Name: nutrition_app_ingredient_food_id_id_d9dd0d34; Type: INDEX; Schema: public; Owner: postgres
--

CREATE INDEX nutrition_app_ingredient_food_id_id_d9dd0d34 ON public.nutrition_app_ingredient USING btree (food_id_id);


--
-- Name: nutrition_app_ingredient_measurement_id_id_8b36cff3; Type: INDEX; Schema: public; Owner: postgres
--

CREATE INDEX nutrition_app_ingredient_measurement_id_id_8b36cff3 ON public.nutrition_app_ingredient USING btree (measurement_id_id);


--
-- Name: nutrition_app_ingredient_nutrients_id_ingredient_id_dcfe047f; Type: INDEX; Schema: public; Owner: postgres
--

CREATE INDEX nutrition_app_ingredient_nutrients_id_ingredient_id_dcfe047f ON public.nutrition_app_ingredient_nutrients_id USING btree (ingredient_id);


--
-- Name: nutrition_app_ingredient_nutrients_id_nutrient_id_4a1ee280; Type: INDEX; Schema: public; Owner: postgres
--

CREATE INDEX nutrition_app_ingredient_nutrients_id_nutrient_id_4a1ee280 ON public.nutrition_app_ingredient_nutrients_id USING btree (nutrient_id);


--
-- Name: nutrition_app_nutrient_measurement_id_id_1701d0e1; Type: INDEX; Schema: public; Owner: postgres
--

CREATE INDEX nutrition_app_nutrient_measurement_id_id_1701d0e1 ON public.nutrition_app_nutrient USING btree (measurement_id_id);


--
-- Name: survey_app_survey_response_user_id_id_6e729e34; Type: INDEX; Schema: public; Owner: postgres
--

CREATE INDEX survey_app_survey_response_user_id_id_6e729e34 ON public.survey_app_survey_response USING btree (user_id_id);


--
-- Name: user_app_app_user_email_56499fb8_like; Type: INDEX; Schema: public; Owner: postgres
--

CREATE INDEX user_app_app_user_email_56499fb8_like ON public.user_app_app_user USING btree (email varchar_pattern_ops);


--
-- Name: user_app_app_user_groups_app_user_id_4fd07104; Type: INDEX; Schema: public; Owner: postgres
--

CREATE INDEX user_app_app_user_groups_app_user_id_4fd07104 ON public.user_app_app_user_groups USING btree (app_user_id);


--
-- Name: user_app_app_user_groups_group_id_4d0a7709; Type: INDEX; Schema: public; Owner: postgres
--

CREATE INDEX user_app_app_user_groups_group_id_4d0a7709 ON public.user_app_app_user_groups USING btree (group_id);


--
-- Name: user_app_app_user_user_permissions_app_user_id_6753a34c; Type: INDEX; Schema: public; Owner: postgres
--

CREATE INDEX user_app_app_user_user_permissions_app_user_id_6753a34c ON public.user_app_app_user_user_permissions USING btree (app_user_id);


--
-- Name: user_app_app_user_user_permissions_permission_id_3e4182db; Type: INDEX; Schema: public; Owner: postgres
--

CREATE INDEX user_app_app_user_user_permissions_permission_id_3e4182db ON public.user_app_app_user_user_permissions USING btree (permission_id);


--
-- Name: user_app_app_user_username_6f69fc5a_like; Type: INDEX; Schema: public; Owner: postgres
--

CREATE INDEX user_app_app_user_username_6f69fc5a_like ON public.user_app_app_user USING btree (username varchar_pattern_ops);


--
-- Name: workout_app_user_workout_user_id_id_7bc44acb; Type: INDEX; Schema: public; Owner: postgres
--

CREATE INDEX workout_app_user_workout_user_id_id_7bc44acb ON public.workout_app_user_workout USING btree (user_id_id);


--
-- Name: workout_app_user_workout_workout_id_id_de0d5c88; Type: INDEX; Schema: public; Owner: postgres
--

CREATE INDEX workout_app_user_workout_workout_id_id_de0d5c88 ON public.workout_app_user_workout USING btree (workout_id_id);


--
-- Name: workout_app_workout_created_by_id_01d5df76; Type: INDEX; Schema: public; Owner: postgres
--

CREATE INDEX workout_app_workout_created_by_id_01d5df76 ON public.workout_app_workout USING btree (created_by_id);


--
-- Name: workout_app_workout_exercises_exercise_id_b450cbb1; Type: INDEX; Schema: public; Owner: postgres
--

CREATE INDEX workout_app_workout_exercises_exercise_id_b450cbb1 ON public.workout_app_workout_exercises USING btree (exercise_id);


--
-- Name: workout_app_workout_exercises_workout_id_a46d32a2; Type: INDEX; Schema: public; Owner: postgres
--

CREATE INDEX workout_app_workout_exercises_workout_id_a46d32a2 ON public.workout_app_workout_exercises USING btree (workout_id);


--
-- Name: workout_program_app_user_workout_program_program_id_id_c703894d; Type: INDEX; Schema: public; Owner: postgres
--

CREATE INDEX workout_program_app_user_workout_program_program_id_id_c703894d ON public.workout_program_app_user_workout_program USING btree (program_id_id);


--
-- Name: workout_program_app_user_workout_program_user_id_id_76853998; Type: INDEX; Schema: public; Owner: postgres
--

CREATE INDEX workout_program_app_user_workout_program_user_id_id_76853998 ON public.workout_program_app_user_workout_program USING btree (user_id_id);


--
-- Name: workout_program_app_workou_workout_id_16236539; Type: INDEX; Schema: public; Owner: postgres
--

CREATE INDEX workout_program_app_workou_workout_id_16236539 ON public.workout_program_app_workout_program_workouts USING btree (workout_id);


--
-- Name: workout_program_app_workou_workout_program_id_c6d78c7d; Type: INDEX; Schema: public; Owner: postgres
--

CREATE INDEX workout_program_app_workou_workout_program_id_c6d78c7d ON public.workout_program_app_workout_program_workouts USING btree (workout_program_id);


--
-- Name: workout_program_app_workout_program_created_by_id_0ab2657d; Type: INDEX; Schema: public; Owner: postgres
--

CREATE INDEX workout_program_app_workout_program_created_by_id_0ab2657d ON public.workout_program_app_workout_program USING btree (created_by_id);


--
-- Name: auth_group_permissions auth_group_permissio_permission_id_84c5c92e_fk_auth_perm; Type: FK CONSTRAINT; Schema: public; Owner: postgres
--

ALTER TABLE ONLY public.auth_group_permissions
    ADD CONSTRAINT auth_group_permissio_permission_id_84c5c92e_fk_auth_perm FOREIGN KEY (permission_id) REFERENCES public.auth_permission(id) DEFERRABLE INITIALLY DEFERRED;


--
-- Name: auth_group_permissions auth_group_permissions_group_id_b120cbf9_fk_auth_group_id; Type: FK CONSTRAINT; Schema: public; Owner: postgres
--

ALTER TABLE ONLY public.auth_group_permissions
    ADD CONSTRAINT auth_group_permissions_group_id_b120cbf9_fk_auth_group_id FOREIGN KEY (group_id) REFERENCES public.auth_group(id) DEFERRABLE INITIALLY DEFERRED;


--
-- Name: auth_permission auth_permission_content_type_id_2f476e4b_fk_django_co; Type: FK CONSTRAINT; Schema: public; Owner: postgres
--

ALTER TABLE ONLY public.auth_permission
    ADD CONSTRAINT auth_permission_content_type_id_2f476e4b_fk_django_co FOREIGN KEY (content_type_id) REFERENCES public.django_content_type(id) DEFERRABLE INITIALLY DEFERRED;


--
-- Name: authtoken_token authtoken_token_user_id_35299eff_fk_user_app_app_user_id; Type: FK CONSTRAINT; Schema: public; Owner: postgres
--

ALTER TABLE ONLY public.authtoken_token
    ADD CONSTRAINT authtoken_token_user_id_35299eff_fk_user_app_app_user_id FOREIGN KEY (user_id) REFERENCES public.user_app_app_user(id) DEFERRABLE INITIALLY DEFERRED;


--
-- Name: django_admin_log django_admin_log_content_type_id_c4bce8eb_fk_django_co; Type: FK CONSTRAINT; Schema: public; Owner: postgres
--

ALTER TABLE ONLY public.django_admin_log
    ADD CONSTRAINT django_admin_log_content_type_id_c4bce8eb_fk_django_co FOREIGN KEY (content_type_id) REFERENCES public.django_content_type(id) DEFERRABLE INITIALLY DEFERRED;


--
-- Name: django_admin_log django_admin_log_user_id_c564eba6_fk_user_app_app_user_id; Type: FK CONSTRAINT; Schema: public; Owner: postgres
--

ALTER TABLE ONLY public.django_admin_log
    ADD CONSTRAINT django_admin_log_user_id_c564eba6_fk_user_app_app_user_id FOREIGN KEY (user_id) REFERENCES public.user_app_app_user(id) DEFERRABLE INITIALLY DEFERRED;


--
-- Name: exercise_app_exercise exercise_app_exercis_created_by_id_a2ba8686_fk_user_app_; Type: FK CONSTRAINT; Schema: public; Owner: postgres
--

ALTER TABLE ONLY public.exercise_app_exercise
    ADD CONSTRAINT exercise_app_exercis_created_by_id_a2ba8686_fk_user_app_ FOREIGN KEY (created_by_id) REFERENCES public.user_app_app_user(id) DEFERRABLE INITIALLY DEFERRED;


--
-- Name: exercise_app_user_exercise exercise_app_user_ex_exercise_id_id_4ffed9bc_fk_exercise_; Type: FK CONSTRAINT; Schema: public; Owner: postgres
--

ALTER TABLE ONLY public.exercise_app_user_exercise
    ADD CONSTRAINT exercise_app_user_ex_exercise_id_id_4ffed9bc_fk_exercise_ FOREIGN KEY (exercise_id_id) REFERENCES public.exercise_app_exercise(id) DEFERRABLE INITIALLY DEFERRED;


--
-- Name: exercise_app_user_exercise exercise_app_user_ex_user_id_id_63d50d23_fk_user_app_; Type: FK CONSTRAINT; Schema: public; Owner: postgres
--

ALTER TABLE ONLY public.exercise_app_user_exercise
    ADD CONSTRAINT exercise_app_user_ex_user_id_id_63d50d23_fk_user_app_ FOREIGN KEY (user_id_id) REFERENCES public.user_app_app_user(id) DEFERRABLE INITIALLY DEFERRED;


--
-- Name: nutrition_app_food nutrition_app_food_user_id_id_83d7c41b_fk_user_app_app_user_id; Type: FK CONSTRAINT; Schema: public; Owner: postgres
--

ALTER TABLE ONLY public.nutrition_app_food
    ADD CONSTRAINT nutrition_app_food_user_id_id_83d7c41b_fk_user_app_app_user_id FOREIGN KEY (user_id_id) REFERENCES public.user_app_app_user(id) DEFERRABLE INITIALLY DEFERRED;


--
-- Name: nutrition_app_ingredient nutrition_app_ingred_food_id_id_d9dd0d34_fk_nutrition; Type: FK CONSTRAINT; Schema: public; Owner: postgres
--

ALTER TABLE ONLY public.nutrition_app_ingredient
    ADD CONSTRAINT nutrition_app_ingred_food_id_id_d9dd0d34_fk_nutrition FOREIGN KEY (food_id_id) REFERENCES public.nutrition_app_food(id) DEFERRABLE INITIALLY DEFERRED;


--
-- Name: nutrition_app_ingredient_nutrients_id nutrition_app_ingred_ingredient_id_dcfe047f_fk_nutrition; Type: FK CONSTRAINT; Schema: public; Owner: postgres
--

ALTER TABLE ONLY public.nutrition_app_ingredient_nutrients_id
    ADD CONSTRAINT nutrition_app_ingred_ingredient_id_dcfe047f_fk_nutrition FOREIGN KEY (ingredient_id) REFERENCES public.nutrition_app_ingredient(id) DEFERRABLE INITIALLY DEFERRED;


--
-- Name: nutrition_app_ingredient nutrition_app_ingred_measurement_id_id_8b36cff3_fk_nutrition; Type: FK CONSTRAINT; Schema: public; Owner: postgres
--

ALTER TABLE ONLY public.nutrition_app_ingredient
    ADD CONSTRAINT nutrition_app_ingred_measurement_id_id_8b36cff3_fk_nutrition FOREIGN KEY (measurement_id_id) REFERENCES public.nutrition_app_measurement(id) DEFERRABLE INITIALLY DEFERRED;


--
-- Name: nutrition_app_ingredient_nutrients_id nutrition_app_ingred_nutrient_id_4a1ee280_fk_nutrition; Type: FK CONSTRAINT; Schema: public; Owner: postgres
--

ALTER TABLE ONLY public.nutrition_app_ingredient_nutrients_id
    ADD CONSTRAINT nutrition_app_ingred_nutrient_id_4a1ee280_fk_nutrition FOREIGN KEY (nutrient_id) REFERENCES public.nutrition_app_nutrient(id) DEFERRABLE INITIALLY DEFERRED;


--
-- Name: nutrition_app_nutrient nutrition_app_nutrie_measurement_id_id_1701d0e1_fk_nutrition; Type: FK CONSTRAINT; Schema: public; Owner: postgres
--

ALTER TABLE ONLY public.nutrition_app_nutrient
    ADD CONSTRAINT nutrition_app_nutrie_measurement_id_id_1701d0e1_fk_nutrition FOREIGN KEY (measurement_id_id) REFERENCES public.nutrition_app_measurement(id) DEFERRABLE INITIALLY DEFERRED;


--
-- Name: survey_app_survey_response survey_app_survey_re_user_id_id_6e729e34_fk_user_app_; Type: FK CONSTRAINT; Schema: public; Owner: postgres
--

ALTER TABLE ONLY public.survey_app_survey_response
    ADD CONSTRAINT survey_app_survey_re_user_id_id_6e729e34_fk_user_app_ FOREIGN KEY (user_id_id) REFERENCES public.user_app_app_user(id) DEFERRABLE INITIALLY DEFERRED;


--
-- Name: user_app_app_user_groups user_app_app_user_gr_app_user_id_4fd07104_fk_user_app_; Type: FK CONSTRAINT; Schema: public; Owner: postgres
--

ALTER TABLE ONLY public.user_app_app_user_groups
    ADD CONSTRAINT user_app_app_user_gr_app_user_id_4fd07104_fk_user_app_ FOREIGN KEY (app_user_id) REFERENCES public.user_app_app_user(id) DEFERRABLE INITIALLY DEFERRED;


--
-- Name: user_app_app_user_groups user_app_app_user_groups_group_id_4d0a7709_fk_auth_group_id; Type: FK CONSTRAINT; Schema: public; Owner: postgres
--

ALTER TABLE ONLY public.user_app_app_user_groups
    ADD CONSTRAINT user_app_app_user_groups_group_id_4d0a7709_fk_auth_group_id FOREIGN KEY (group_id) REFERENCES public.auth_group(id) DEFERRABLE INITIALLY DEFERRED;


--
-- Name: user_app_app_user_user_permissions user_app_app_user_us_app_user_id_6753a34c_fk_user_app_; Type: FK CONSTRAINT; Schema: public; Owner: postgres
--

ALTER TABLE ONLY public.user_app_app_user_user_permissions
    ADD CONSTRAINT user_app_app_user_us_app_user_id_6753a34c_fk_user_app_ FOREIGN KEY (app_user_id) REFERENCES public.user_app_app_user(id) DEFERRABLE INITIALLY DEFERRED;


--
-- Name: user_app_app_user_user_permissions user_app_app_user_us_permission_id_3e4182db_fk_auth_perm; Type: FK CONSTRAINT; Schema: public; Owner: postgres
--

ALTER TABLE ONLY public.user_app_app_user_user_permissions
    ADD CONSTRAINT user_app_app_user_us_permission_id_3e4182db_fk_auth_perm FOREIGN KEY (permission_id) REFERENCES public.auth_permission(id) DEFERRABLE INITIALLY DEFERRED;


--
-- Name: workout_app_user_workout workout_app_user_wor_user_id_id_7bc44acb_fk_user_app_; Type: FK CONSTRAINT; Schema: public; Owner: postgres
--

ALTER TABLE ONLY public.workout_app_user_workout
    ADD CONSTRAINT workout_app_user_wor_user_id_id_7bc44acb_fk_user_app_ FOREIGN KEY (user_id_id) REFERENCES public.user_app_app_user(id) DEFERRABLE INITIALLY DEFERRED;


--
-- Name: workout_app_user_workout workout_app_user_wor_workout_id_id_de0d5c88_fk_workout_a; Type: FK CONSTRAINT; Schema: public; Owner: postgres
--

ALTER TABLE ONLY public.workout_app_user_workout
    ADD CONSTRAINT workout_app_user_wor_workout_id_id_de0d5c88_fk_workout_a FOREIGN KEY (workout_id_id) REFERENCES public.workout_app_workout(id) DEFERRABLE INITIALLY DEFERRED;


--
-- Name: workout_app_workout_exercises workout_app_workout__exercise_id_b450cbb1_fk_exercise_; Type: FK CONSTRAINT; Schema: public; Owner: postgres
--

ALTER TABLE ONLY public.workout_app_workout_exercises
    ADD CONSTRAINT workout_app_workout__exercise_id_b450cbb1_fk_exercise_ FOREIGN KEY (exercise_id) REFERENCES public.exercise_app_exercise(id) DEFERRABLE INITIALLY DEFERRED;


--
-- Name: workout_app_workout_exercises workout_app_workout__workout_id_a46d32a2_fk_workout_a; Type: FK CONSTRAINT; Schema: public; Owner: postgres
--

ALTER TABLE ONLY public.workout_app_workout_exercises
    ADD CONSTRAINT workout_app_workout__workout_id_a46d32a2_fk_workout_a FOREIGN KEY (workout_id) REFERENCES public.workout_app_workout(id) DEFERRABLE INITIALLY DEFERRED;


--
-- Name: workout_app_workout workout_app_workout_created_by_id_01d5df76_fk_user_app_; Type: FK CONSTRAINT; Schema: public; Owner: postgres
--

ALTER TABLE ONLY public.workout_app_workout
    ADD CONSTRAINT workout_app_workout_created_by_id_01d5df76_fk_user_app_ FOREIGN KEY (created_by_id) REFERENCES public.user_app_app_user(id) DEFERRABLE INITIALLY DEFERRED;


--
-- Name: workout_program_app_workout_program workout_program_app__created_by_id_0ab2657d_fk_user_app_; Type: FK CONSTRAINT; Schema: public; Owner: postgres
--

ALTER TABLE ONLY public.workout_program_app_workout_program
    ADD CONSTRAINT workout_program_app__created_by_id_0ab2657d_fk_user_app_ FOREIGN KEY (created_by_id) REFERENCES public.user_app_app_user(id) DEFERRABLE INITIALLY DEFERRED;


--
-- Name: workout_program_app_user_workout_program workout_program_app__program_id_id_c703894d_fk_workout_p; Type: FK CONSTRAINT; Schema: public; Owner: postgres
--

ALTER TABLE ONLY public.workout_program_app_user_workout_program
    ADD CONSTRAINT workout_program_app__program_id_id_c703894d_fk_workout_p FOREIGN KEY (program_id_id) REFERENCES public.workout_program_app_workout_program(id) DEFERRABLE INITIALLY DEFERRED;


--
-- Name: workout_program_app_user_workout_program workout_program_app__user_id_id_76853998_fk_user_app_; Type: FK CONSTRAINT; Schema: public; Owner: postgres
--

ALTER TABLE ONLY public.workout_program_app_user_workout_program
    ADD CONSTRAINT workout_program_app__user_id_id_76853998_fk_user_app_ FOREIGN KEY (user_id_id) REFERENCES public.user_app_app_user(id) DEFERRABLE INITIALLY DEFERRED;


--
-- Name: workout_program_app_workout_program_workouts workout_program_app__workout_id_16236539_fk_workout_a; Type: FK CONSTRAINT; Schema: public; Owner: postgres
--

ALTER TABLE ONLY public.workout_program_app_workout_program_workouts
    ADD CONSTRAINT workout_program_app__workout_id_16236539_fk_workout_a FOREIGN KEY (workout_id) REFERENCES public.workout_app_workout(id) DEFERRABLE INITIALLY DEFERRED;


--
-- Name: workout_program_app_workout_program_workouts workout_program_app__workout_program_id_c6d78c7d_fk_workout_p; Type: FK CONSTRAINT; Schema: public; Owner: postgres
--

ALTER TABLE ONLY public.workout_program_app_workout_program_workouts
    ADD CONSTRAINT workout_program_app__workout_program_id_c6d78c7d_fk_workout_p FOREIGN KEY (workout_program_id) REFERENCES public.workout_program_app_workout_program(id) DEFERRABLE INITIALLY DEFERRED;


--
-- PostgreSQL database dump complete
--

